Time [ms],IShunt [A],Cell Voltage [V],Cell Temp 1 [C],Cell Temp 2 [C],Internal Resistance [mOhm]
19660,0.013,0.007,0.0,0.0
19664,0.025,0.006,0.0,0.0
19668,0.021,0.008,0.0,0.0
19672,0.009,0.006,0.0,0.0
19676,-0.015,0.012,0.0,0.0
19680,0.023,0.009000000000000001,0.0,0.0
19684,0.023,0.0,0.0,0.0
19688,0.07,0.004,0.0,0.0
19692,0.06,0.008,0.0,0.0
19696,0.07,0.011,0.0,0.0
19700,0.106,0.008,0.0,0.0
19704,0.01,0.005,0.0,0.0
19708,0.01,0.001,0.0,0.0
19712,0.081,0.003,0.0,0.0
19716,0.042,0.0,0.0,0.0
19720,0.051,0.002,0.0,0.0
19724,-0.033,0.008,0.0,0.0
19728,0.065,0.006,0.0,0.0
19732,0.033,0.005,0.0,0.0
19736,0.066,0.004,0.0,0.0
19740,0.003,0.003,0.0,0.0
19744,-0.016,0.006,0.0,0.0
19748,-0.031,0.006,0.0,0.0
19752,-0.038,0.005,0.0,0.0
19756,0.004,0.008,0.0,0.0
19760,-0.013,0.003,0.0,0.0
19764,0.069,0.009000000000000001,0.0,0.0
19768,0.092,0.008,0.0,0.0
19772,0.042,0.006,0.0,0.0
19776,0.048,0.004,0.0,0.0
19780,-0.006,0.007,0.0,0.0
19784,-0.017,0.008,0.0,0.0
19788,0.106,0.004,0.0,0.0
19792,0.077,0.009000000000000001,0.0,0.0
19796,0.083,0.009000000000000001,0.0,0.0
19800,0.06,0.004,0.0,0.0
19804,0.055,0.008,0.0,0.0
19808,0.049,0.0,0.0,0.0
19812,0.039,0.008,0.0,0.0
19816,0.058,0.011,0.0,0.0
19820,-0.011,0.009000000000000001,0.0,0.0
19824,0.016,0.004,0.0,0.0
19828,0.082,0.006,0.0,0.0
19832,-0.001,0.004,0.0,0.0
19836,0.02,0.002,0.0,0.0
19840,0.043,0.005,0.0,0.0
19844,0.022,0.004,0.0,0.0
19848,0.042,0.005,0.0,0.0
19852,0.079,0.006,0.0,0.0
19856,0.02,0.007,0.0,0.0
19860,0.097,0.01,0.0,0.0
19864,0.059,0.003,0.0,0.0
19868,0.1,-0.002,0.0,0.0
19872,0.063,0.004,0.0,0.0
19876,-0.003,0.006,0.0,0.0
19880,0.042,0.003,0.0,0.0
19884,0.033,0.012,0.0,0.0
19888,0.121,0.013999999999999999,0.0,0.0
19892,0.012,0.011,0.0,0.0
19896,0.027,0.007,0.0,0.0
19900,0.059,0.005,0.0,0.0
19904,0.056,0.006,0.0,0.0
19908,0.04,0.003,0.0,0.0
19912,-0.0,0.004,0.0,0.0
19916,-0.056,0.007,0.0,0.0
19920,-0.012,0.004,0.0,0.0
19924,0.049,0.004,0.0,0.0
19928,0.014,0.004,0.0,0.0
19932,-0.002,0.012,0.0,0.0
19936,0.03,0.006,0.0,0.0
19940,0.046,0.005,0.0,0.0
19944,0.062,0.009000000000000001,0.0,0.0
19948,0.029,0.002,0.0,0.0
19952,-0.026,0.01,0.0,0.0
19956,0.018,0.008,0.0,0.0
19960,0.01,0.002,0.0,0.0
19964,0.059,0.01,0.0,0.0
19968,0.025,0.004,0.0,0.0
19972,0.008,0.007,0.0,0.0
19976,0.017,0.009000000000000001,0.0,0.0
19980,0.05,0.002,0.0,0.0
19984,0.035,0.009000000000000001,0.0,0.0
19988,0.048,0.005,0.0,0.0
19992,0.042,0.009000000000000001,0.0,0.0
19996,0.025,0.002,0.0,0.0
20000,0.08,0.006,0.0,0.0
20004,0.058,0.008,0.0,0.0
20008,0.05,0.012,0.0,0.0
20012,0.021,0.007,0.0,0.0
20016,0.015,0.006,0.0,0.0
20020,-0.025,0.008,0.0,0.0
20024,0.069,0.008,0.0,0.0
20028,0.064,0.014,0.0,0.0
20032,0.029,0.01,0.0,0.0
20036,0.015,0.005,0.0,0.0
20040,0.052,0.007,0.0,0.0
20044,0.029,0.008,0.0,0.0
20048,0.006,0.002,0.0,0.0
20052,0.047,0.006,0.0,0.0
20056,-0.029,0.007,0.0,0.0
20060,-0.004,0.004,0.0,0.0
20064,0.03,0.007,0.0,0.0
20068,-0.026,0.007,0.0,0.0
20072,0.004,0.011,0.0,0.0
20076,0.022,0.009000000000000001,0.0,0.0
20080,0.032,0.009000000000000001,0.0,0.0
20084,0.026,0.007,0.0,0.0
20088,0.033,0.007,0.0,0.0
20092,-0.002,0.009000000000000001,0.0,0.0
20096,-0.004,0.007,0.0,0.0
20100,0.06,-0.001,0.0,0.0
20104,0.073,0.002,0.0,0.0
20108,0.002,0.001,0.0,0.0
20112,0.061,0.005,0.0,0.0
20116,0.022,0.01,0.0,0.0
20120,0.004,0.007,0.0,0.0
20124,0.045,0.005,0.0,0.0
20128,-0.009,0.014,0.0,0.0
20132,0.004,0.006,0.0,0.0
20136,0.024,0.013000000000000001,0.0,0.0
20140,0.027,0.005,0.0,0.0
20144,0.031,0.005,0.0,0.0
20148,0.062,0.005,0.0,0.0
20152,0.043,0.004,0.0,0.0
20156,0.024,0.006,0.0,0.0
20160,-0.052,0.007,0.0,0.0
20164,0.006,0.005,0.0,0.0
20168,0.039,0.004,0.0,0.0
20172,0.017,0.007,0.0,0.0
20176,0.015,0.005,0.0,0.0
20180,0.027,0.003,0.0,0.0
20184,-0.063,0.003,0.0,0.0
20188,0.023,0.005,0.0,0.0
20192,0.052,0.006,0.0,0.0
20196,0.013,0.007,0.0,0.0
20200,0.039,0.008,0.0,0.0
20204,0.06,0.003,0.0,0.0
20208,0.09,0.008,0.0,0.0
20212,0.107,0.008,0.0,0.0
20216,0.147,0.009000000000000001,0.0,0.0
20220,0.03,0.004,0.0,0.0
20224,0.584,0.004,0.0,0.0
20228,12.339,0.007,0.0,0.0,-0.00011346138260799093
20232,18.518,0.007,0.0,0.0,-7.560211685927207e-05
20236,21.662,0.006,0.0,0.0,-1.846551564952452e-05
20240,24.673,0.006,0.0,0.0,-1.621205366189763e-05
20244,27.832,0.009000000000000001,0.0,0.0,-0.0001221615406726071
20248,30.985,0.007,0.0,0.0,-4.518315313861547e-05
20252,34.165,0.001,0.0,0.0,0.00013464071418117958
20256,37.319,0.007,0.0,0.0,-3.751440285109462e-05
20260,40.428,0.006,0.0,0.0,-9.894132779261902e-06
20264,43.65,0.01,0.0,0.0,-0.00010080183276059566
20268,46.861,0.005,0.0,0.0,1.28038240754572e-05
20272,49.863,0.007,0.0,0.0,-2.8076930790365607e-05
20276,52.899,0.007,0.0,0.0,-2.6465528648934766e-05
20280,55.955,0.007,0.0,0.0,-2.502010544187294e-05
20284,58.911,0.005,0.0,0.0,1.0184855120435908e-05
20288,61.743,0.015,0.0,0.0,-0.00015224397907455094
20292,64.578,0.008,0.0,0.0,-3.71643593793552e-05
20296,67.365,0.007,0.0,0.0,-2.0782305351443632e-05
20300,70.133,0.005,0.0,0.0,8.555173741320061e-06
20304,72.817,0.009000000000000001,0.0,0.0,-4.669239325981572e-05
20308,75.228,0.006,0.0,0.0,-5.317169139150319e-06
20312,77.809,0.005,0.0,0.0,7.711190222210797e-06
20316,80.178,0.008,0.0,0.0,-2.9933398189029414e-05
20320,82.528,0.005,0.0,0.0,7.270259790616515e-06
20324,84.66,0.007,0.0,0.0,-1.6536735175998115e-05
20328,86.819,0.006,0.0,0.0,-4.607286423478733e-06
20332,88.963,0.007,0.0,0.0,-1.573687937681958e-05
20336,91.008,0.008,0.0,0.0,-2.637130801687764e-05
20340,92.873,0.011,0.0,0.0,-5.814391696187266e-05
20344,94.705,0.002,0.0,0.0,3.80127765165514e-05
20348,96.437,0.01,0.0,0.0,-4.5625641610585155e-05
20352,98.126,0.007,0.0,0.0,-1.42673705236125e-05
20356,99.715,0.002,0.0,0.0,3.6102893245750384e-05
20360,101.142,0.005,0.0,0.0,5.932253663166636e-06
20364,102.579,0.006,0.0,0.0,-3.899433607268547e-06
20368,103.932,0.01,0.0,0.0,-4.2335373128584074e-05
20372,105.232,0.006,0.0,0.0,-3.8011251330393814e-06
20376,106.414,0.004,0.0,0.0,1.5035615614486814e-05
20380,107.535,0.006,0.0,0.0,-3.7197191612033308e-06
20384,108.643,0.007,0.0,0.0,-1.2886242095671145e-05
20388,109.621,0.004,0.0,0.0,1.4595743516297058e-05
20392,110.453,0.009000000000000001,0.0,0.0,-3.078232370329462e-05
20396,111.377,0.004,0.0,0.0,1.4365623064007828e-05
20400,112.19,0.009000000000000001,0.0,0.0,-3.0305731348605054e-05
20404,112.987,0.005,0.0,0.0,5.310345437970739e-06
20408,113.538,0.002,0.0,0.0,3.17074459652275e-05
20412,114.262,0.006,0.0,0.0,-3.5007264007281526e-06
20416,114.792,0.007,0.0,0.0,-1.2195971844727858e-05
20420,115.302,0.007,0.0,0.0,-1.2142027024683008e-05
20424,115.726,0.011,0.0,0.0,-4.666194286504329e-05
20428,116.229,0.007,0.0,0.0,-1.2045186657374667e-05
20432,116.576,0.009000000000000001,0.0,0.0,-2.9165522920669788e-05
20436,116.931,0.007,0.0,0.0,-1.1972872890850162e-05
20440,117.192,0.001,0.0,0.0,3.925182606321251e-05
20444,117.547,0.003,0.0,0.0,2.2118812049648225e-05
20448,117.742,0.004,0.0,0.0,1.3589033649844573e-05
20452,118.005,0.004,0.0,0.0,1.3558747510698698e-05
20456,118.13,0.004,0.0,0.0,1.3544400237027004e-05
20460,118.304,0.008,0.0,0.0,-2.0286718961319992e-05
20464,118.377,0.005,0.0,0.0,5.068552168073189e-06
20468,118.58,0.004,0.0,0.0,1.3493000505987517e-05
20472,118.573,0.002,0.0,0.0,3.036104340785845e-05
20476,118.554,0.007,0.0,0.0,-1.1808964691195575e-05
20480,118.624,0.006,0.0,0.0,-3.371998920960347e-06
20484,118.641,0.005,0.0,0.0,5.057273623789414e-06
20488,118.717,0.003,0.0,0.0,2.1900822965539896e-05
20492,118.61,0.005,0.0,0.0,5.058595396678188e-06
20496,118.569,0.004,0.0,0.0,1.349425229191441e-05
20500,118.572,0.004,0.0,0.0,1.3493910872718685e-05
20504,118.571,0.006,0.0,0.0,-3.3735061692994086e-06
20508,118.428,0.004,0.0,0.0,1.3510318505758773e-05
20512,118.387,0.001,0.0,0.0,3.8855617593147894e-05
20516,118.24,0.003,0.0,0.0,2.1989174560216507e-05
20520,118.244,0.008,0.0,0.0,-2.0297012956259938e-05
20524,118.1,0.008,0.0,0.0,-2.0321761219305676e-05
20528,118.041,0.007,0.0,0.0,-1.1860285832888574e-05
20532,117.909,0.007,0.0,0.0,-1.1873563510843109e-05
20536,117.87,0.005,0.0,0.0,5.09035377958768e-06
20540,117.674,0.008,0.0,0.0,-2.0395329469551475e-05
20544,117.615,0.007,0.0,0.0,-1.1903243633890238e-05
20548,117.523,0.009000000000000001,0.0,0.0,-2.8930507219863356e-05
20552,117.427,0.002,0.0,0.0,3.0657344563005096e-05
20556,117.262,0.006,0.0,0.0,-3.411164742201226e-06
20560,117.234,0.006,0.0,0.0,-3.4119794598836534e-06
20564,117.06,0.004,0.0,0.0,1.3668204339654877e-05
20568,117.019,0.001,0.0,0.0,3.9309855664464745e-05
20572,116.847,0.008,0.0,0.0,-2.0539680094482532e-05
20576,116.742,0.001,0.0,0.0,3.94031282657484e-05
20580,116.669,0.001,0.0,0.0,3.942778287291397e-05
20584,116.678,0.005,0.0,0.0,5.142357599547471e-06
20588,116.568,0.002,0.0,0.0,3.088326127239036e-05
20592,116.424,0.009000000000000001,0.0,0.0,-2.920360063217207e-05
20596,116.333,0.004,0.0,0.0,1.375362107054748e-05
20600,116.269,0.005,0.0,0.0,5.16044689470108e-06
20604,116.141,0.003,0.0,0.0,2.238658182726169e-05
20608,116.069,0.006,0.0,0.0,-3.4462259518045317e-06
20612,116.038,0.005,0.0,0.0,5.170719936572501e-06
20616,115.99,0.007,0.0,0.0,-1.207000603500302e-05
20620,115.935,0.007,0.0,0.0,-1.2075732091258033e-05
20624,115.788,0.009000000000000001,0.0,0.0,-2.936401008740112e-05
20628,115.787,0.003,0.0,0.0,2.245502517553784e-05
20632,115.728,0.008,0.0,0.0,-2.073828287017835e-05
20636,115.714,0.005,0.0,0.0,5.185197988143179e-06
20640,115.538,0.006,0.0,0.0,-3.4620644290190255e-06
20644,115.61,0.006,0.0,0.0,-3.459908312429722e-06
20648,115.568,0.006,0.0,0.0,-3.4611657206147047e-06
20652,115.569,0.004,0.0,0.0,1.3844543086813937e-05
20656,115.473,0.007,0.0,0.0,-1.212404631385692e-05
20660,115.369,0.002,0.0,0.0,3.120422297150881e-05
20664,115.358,0.003,0.0,0.0,2.253853222143241e-05
20668,115.361,0.013000000000000001,0.0,0.0,-6.41464619758844e-05
20672,115.332,0.005,0.0,0.0,5.2023722817604815e-06
20676,115.224,-0.001,0.0,0.0,5.7279733388877315e-05
20680,115.203,-0.001,0.0,0.0,5.729017473503294e-05
20684,115.19,0.002,0.0,0.0,3.125271290910669e-05
20688,115.16,0.007,0.0,0.0,-1.215699895797152e-05
20692,115.102,0.005,0.0,0.0,5.2127678059460285e-06
20696,115.078,0.0,0.0,0.0,4.866264620518257e-05
20700,115.116,0.004,0.0,0.0,1.389902359359255e-05
20704,115.17,0.006,0.0,0.0,-3.4731266822957384e-06
20708,115.006,0.004,0.0,0.0,1.3912317618211222e-05
20712,115.05,0.004,0.0,0.0,1.3906996957844415e-05
20716,115.117,0.009000000000000001,0.0,0.0,-2.9535168567631202e-05
20720,115.119,0.005,0.0,0.0,5.211998019440751e-06
20724,114.987,0.006,0.0,0.0,-3.4786541087253357e-06
20728,115.044,0.011,0.0,0.0,-4.693856263690414e-05
20732,115.073,0.009000000000000001,0.0,0.0,-2.954646181119812e-05
20736,115.026,0.006,0.0,0.0,-3.4774746579034322e-06
20740,114.972,0.004,0.0,0.0,1.3916431826879588e-05
20744,114.989,0.004,0.0,0.0,1.391437441842263e-05
20748,115.012,0.003,0.0,0.0,2.260633673008034e-05
20752,115.028,0.008,0.0,0.0,-2.086448516882846e-05
20756,114.991,0.007,0.0,0.0,-1.2174865859067232e-05
20760,114.974,0.002,0.0,0.0,3.1311426931306204e-05
20764,115.006,0.01,0.0,0.0,-3.825887345008087e-05
20768,115.049,0.011,0.0,0.0,-4.693652269902389e-05
20772,114.946,0.0,0.0,0.0,4.871852870043325e-05
20776,114.967,0.0,0.0,0.0,4.8709629719832645e-05
20780,114.974,0.005,0.0,0.0,5.2185711552177e-06
20784,114.982,0.005,0.0,0.0,5.2182080673496705e-06
20788,114.983,0.004,0.0,0.0,1.3915100493116371e-05
20792,114.935,0.004,0.0,0.0,1.3920911819724191e-05
20796,115.005,0.0,0.0,0.0,4.8693535063692886e-05
20800,115.068,0.001,0.0,0.0,3.997636180345535e-05
20804,115.003,0.001,0.0,0.0,3.9998956548959594e-05
20808,114.974,-0.002,0.0,0.0,6.610190129942421e-05
20812,114.961,0.005,0.0,0.0,5.2191612807821766e-06
20816,115.024,-0.002,0.0,0.0,6.607316733899012e-05
20820,114.996,0.002,0.0,0.0,3.1305436710842116e-05
20824,114.944,0.001,0.0,0.0,4.001948775055679e-05
20828,115.01,0.002,0.0,0.0,3.130162594556995e-05
20832,115.11,0.013000000000000001,0.0,0.0,-6.428633481018157e-05
20836,115.027,0.007,0.0,0.0,-1.2171055491319431e-05
20840,114.926,0.005,0.0,0.0,5.220750743956979e-06
20844,114.97,0.002,0.0,0.0,3.1312516308602244e-05
20848,114.991,0.005,0.0,0.0,5.217799653885955e-06
20852,114.991,0.006,0.0,0.0,-3.4785331025906393e-06
20856,114.948,0.007,0.0,0.0,-1.2179420259595646e-05
20860,114.948,0.005,0.0,0.0,5.219751539826703e-06
20864,114.965,0.008,0.0,0.0,-2.0875918757882835e-05
20868,115.033,0.004,0.0,0.0,1.3909052185025165e-05
20872,114.982,0.004,0.0,0.0,1.3915221512932457e-05
20876,114.924,0.006,0.0,0.0,-3.480561066443912e-06
20880,115.011,-0.001,0.0,0.0,5.7385815269843755e-05
20884,115.032,0.001,0.0,0.0,3.998887266152027e-05
20888,115.053,0.0,0.0,0.0,4.867322016809644e-05
20892,114.907,-0.001,0.0,0.0,5.743775400976442e-05
20896,115.018,0.006,0.0,0.0,-3.477716531325533e-06
20900,115.004,0.008,0.0,0.0,-2.0868839344718444e-05
20904,115.003,0.008,0.0,0.0,-2.086902080815283e-05
20908,114.908,0.003,0.0,0.0,2.2626797089845788e-05
20912,114.991,0.004,0.0,0.0,1.3914132410362549e-05
20916,115.0,0.006,0.0,0.0,-3.4782608695652188e-06
20920,114.993,0.005,0.0,0.0,5.217708904020243e-06
20924,114.91,0.005,0.0,0.0,5.221477678182925e-06
20928,115.022,0.003,0.0,0.0,2.2604371337657142e-05
20932,115.006,0.004,0.0,0.0,1.3912317618211222e-05
20936,115.088,0.001,0.0,0.0,3.9969414708744616e-05
20940,114.934,0.0,0.0,0.0,4.872361529225469e-05
20944,114.971,0.002,0.0,0.0,3.131224395717181e-05
20948,115.014,0.003,0.0,0.0,2.260594362425444e-05
20952,115.097,0.002,0.0,0.0,3.127796554210796e-05
20956,114.988,-0.003,0.0,0.0,7.479041291265175e-05
20960,114.96,0.003,0.0,0.0,2.2616562282533056e-05
20964,115.029,0.004,0.0,0.0,1.3909535856175398e-05
20968,115.013,0.003,0.0,0.0,2.2606140175458423e-05
20972,114.963,-0.001,0.0,0.0,5.7409775319015687e-05
20976,114.956,0.002,0.0,0.0,3.131632972615609e-05
20980,114.983,-0.001,0.0,0.0,5.7399789534105036e-05
20984,115.016,0.003,0.0,0.0,2.260555053209988e-05
20988,114.976,0.005,0.0,0.0,5.218480378513775e-06
20992,114.93,0.005,0.0,0.0,5.220569042025579e-06
20996,115.017,0.003,0.0,0.0,2.2605353991149135e-05
21000,115.004,0.002,0.0,0.0,3.1303259017077665e-05
21004,115.028,0.008,0.0,0.0,-2.086448516882846e-05
21008,114.91,0.005,0.0,0.0,5.221477678182925e-06
21012,114.953,-0.001,0.0,0.0,5.7414769514497224e-05
21016,115.018,0.001,0.0,0.0,3.9993740110243614e-05
21020,115.028,0.005,0.0,0.0,5.216121292207113e-06
21024,114.918,0.004,0.0,0.0,1.392297116204598e-05
21028,115.015,0.002,0.0,0.0,3.130026518280224e-05
21032,115.041,0.004,0.0,0.0,1.3908084943628792e-05
21036,115.074,0.002,0.0,0.0,3.128421711246676e-05
21040,115.018,0.002,0.0,0.0,3.129944878192978e-05
21044,115.031,0.005,0.0,0.0,5.215985256148341e-06
21048,115.046,-0.002,0.0,0.0,6.60605323088156e-05
21052,115.023,0.007,0.0,0.0,-1.2171478747728717e-05
21056,114.998,0.007,0.0,0.0,-1.217412476738726e-05
21060,115.022,0.007,0.0,0.0,-1.2171584566430771e-05
21064,115.013,0.003,0.0,0.0,2.2606140175458423e-05
21068,115.049,0.005,0.0,0.0,5.215169188780431e-06
21072,114.997,0.007,0.0,0.0,-1.2174230632103448e-05
21076,114.998,0.01,0.0,0.0,-3.82615349832171e-05
21080,114.977,0.005,0.0,0.0,5.218434991346094e-06
21084,115.055,0.006,0.0,0.0,-3.4765981487114873e-06
21088,114.945,0.003,0.0,0.0,2.261951368045587e-05
21092,115.007,0.0,0.0,0.0,4.869268827114871e-05
21096,115.042,0.003,0.0,0.0,2.260044157785852e-05
21100,114.975,0.002,0.0,0.0,3.131115459882583e-05
21104,115.048,0.002,0.0,0.0,3.129128711494333e-05
21108,114.946,0.006,0.0,0.0,-3.479894907173805e-06
21112,114.995,0.001,0.0,0.0,4.000173920605243e-05
21116,115.02,0.0,0.0,0.0,4.868718483741958e-05
21120,115.077,0.003,0.0,0.0,2.2593567785048272e-05
21124,114.952,0.006,0.0,0.0,-3.4797132716264197e-06
21128,115.0,0.001,0.0,0.0,3.9999999999999996e-05
21132,114.968,0.006,0.0,0.0,-3.4792290028529694e-06
21136,115.052,0.005,0.0,0.0,5.215033202378054e-06
21140,114.895,0.001,0.0,0.0,4.0036555115540274e-05
21144,114.951,0.001,0.0,0.0,4.001705074336022e-05
21148,114.977,0.004,0.0,0.0,1.3915826643589587e-05
21152,114.989,0.007,0.0,0.0,-1.2175077616119804e-05
21156,114.948,-0.001,0.0,0.0,5.741726693809375e-05
21160,114.925,0.005,0.0,0.0,5.2207961714161395e-06
21164,114.992,0.006,0.0,0.0,-3.4785028523723404e-06
21168,115.015,0.002,0.0,0.0,3.130026518280224e-05
21172,114.987,0.005,0.0,0.0,5.217981163088e-06
21176,115.018,0.002,0.0,0.0,3.129944878192978e-05
21180,115.037,0.008,0.0,0.0,-2.0862852821266203e-05
21184,114.996,0.006,0.0,0.0,-3.478381856760237e-06
21188,115.022,0.006,0.0,0.0,-3.4775955904087928e-06
21192,114.96,0.001,0.0,0.0,4.001391788448156e-05
21196,114.972,0.009000000000000001,0.0,0.0,-2.9572417632119135e-05
21200,115.017,0.004,0.0,0.0,1.391098707147639e-05
21204,115.039,0.005,0.0,0.0,5.215622528012238e-06
21208,114.925,0.001,0.0,0.0,4.002610398085708e-05
21212,115.02,0.004,0.0,0.0,1.3910624239262736e-05
21216,115.051,0.003,0.0,0.0,2.259867363169377e-05
21220,115.027,0.004,0.0,0.0,1.390977770436506e-05
21224,114.983,0.007,0.0,0.0,-1.2175712931476828e-05
21228,114.957,0.004,0.0,0.0,1.3918247692615499e-05
21232,115.054,0.005,0.0,0.0,5.214942548716253e-06
21236,115.078,0.001,0.0,0.0,3.997288795425711e-05
21240,115.004,0.001,0.0,0.0,3.9998608744043684e-05
21244,114.992,0.005,0.0,0.0,5.217754278558507e-06
21248,114.969,0.006,0.0,0.0,-3.4791987405300577e-06
21252,115.024,0.003,0.0,0.0,2.2603978300180832e-05
21256,114.989,0.003,0.0,0.0,2.2610858429936776e-05
21260,114.948,0.003,0.0,0.0,2.2618923339249053e-05
21264,115.021,-0.001,0.0,0.0,5.7380826110014695e-05
21268,114.996,0.006,0.0,0.0,-3.478381856760237e-06
21272,115.039,0.002,0.0,0.0,3.129373516807343e-05
21276,114.929,0.008,0.0,0.0,-2.0882457865290747e-05
21280,114.983,-0.002,0.0,0.0,6.609672734230277e-05
21284,115.036,0.002,0.0,0.0,3.1294551270906496e-05
21288,114.973,0.006,0.0,0.0,-3.479077696502659e-06
21292,114.926,0.002,0.0,0.0,3.1324504463741884e-05
21296,115.088,0.005,0.0,0.0,5.213401918531905e-06
21300,115.058,0.0,0.0,0.0,4.8671105007909054e-05
21304,115.008,-0.001,0.0,0.0,5.73873121869783e-05
21308,114.958,0.004,0.0,0.0,1.3918126620156927e-05
21312,115.053,0.005,0.0,0.0,5.214987875153189e-06
21316,115.015,0.006,0.0,0.0,-3.477807242533584e-06
21320,115.073,0.0,0.0,0.0,4.866476063020865e-05
21324,114.953,0.006,0.0,0.0,-3.4796830008786214e-06
21328,114.948,0.005,0.0,0.0,5.219751539826703e-06
21332,114.941,0.004,0.0,0.0,1.392018513846234e-05
21336,115.084,0.009000000000000001,0.0,0.0,-2.9543637690730256e-05
21340,114.978,0.006,0.0,0.0,-3.47892640331194e-06
21344,114.978,0.0,0.0,0.0,4.870496964636713e-05
21348,114.993,0.003,0.0,0.0,2.261007191742106e-05
21352,115.05,0.008,0.0,0.0,-2.0860495436766624e-05
21356,114.957,0.008,0.0,0.0,-2.0877371538923254e-05
21360,114.95,0.004,0.0,0.0,1.3919095258808176e-05
21364,115.015,0.005,0.0,0.0,5.216710863800372e-06
21368,115.088,0.006,0.0,0.0,-3.4756012790212723e-06
21372,114.993,0.008,0.0,0.0,-2.087083561608098e-05
21376,114.927,0.003,0.0,0.0,2.2623056374916247e-05
21380,114.99,0.004,0.0,0.0,1.391425341334029e-05
21384,114.968,0.002,0.0,0.0,3.131306102567671e-05
21388,114.931,-0.001,0.0,0.0,5.742575980370831e-05
21392,114.942,0.006,0.0,0.0,-3.480016008073639e-06
21396,115.003,0.004,0.0,0.0,1.3912680538768552e-05
21400,115.011,0.001,0.0,0.0,3.9996174278982015e-05
21404,115.029,0.001,0.0,0.0,3.998991558650427e-05
21408,114.982,0.002,0.0,0.0,3.130924840409803e-05
21412,114.948,0.005,0.0,0.0,5.219751539826703e-06
21416,114.997,0.007,0.0,0.0,-1.2174230632103448e-05
21420,115.079,0.003,0.0,0.0,2.2593175123176254e-05
21424,114.895,0.002,0.0,0.0,3.1332956177379344e-05
21428,115.063,0.001,0.0,0.0,3.99780989544858e-05
21432,115.065,0.006,0.0,0.0,-3.4762960066049643e-06
21436,115.085,0.007,0.0,0.0,-1.2164921579701961e-05
21440,114.952,0.004,0.0,0.0,1.391885308650567e-05
21444,115.046,0.005,0.0,0.0,5.215305182274914e-06
21448,114.965,0.003,0.0,0.0,2.2615578654373068e-05
21452,115.029,0.004,0.0,0.0,1.3909535856175398e-05
21456,115.023,0.007,0.0,0.0,-1.2171478747728717e-05
21460,114.97,0.004,0.0,0.0,1.391667391493433e-05
21464,114.973,0.002,0.0,0.0,3.1311699268523916e-05
21468,115.039,0.003,0.0,0.0,2.2601030954719703e-05
21472,114.992,0.002,0.0,0.0,3.130652567135105e-05
21476,114.957,-0.002,0.0,0.0,6.611167653992363e-05
21480,115.048,0.002,0.0,0.0,3.129128711494333e-05
21484,115.032,0.003,0.0,0.0,2.260240628694624e-05
21488,115.005,0.005,0.0,0.0,5.21716447110995e-06
21492,114.951,0.002,0.0,0.0,3.1317691886107995e-05
21496,114.997,-0.001,0.0,0.0,5.739280155134482e-05
21500,115.041,0.001,0.0,0.0,3.998574421293278e-05
21504,115.021,0.004,0.0,0.0,1.39105032993975e-05
21508,115.067,0.008,0.0,0.0,-2.0857413506913366e-05
21512,115.009,0.007,0.0,0.0,-1.2172960377013974e-05
21516,115.006,0.006,0.0,0.0,-3.4780794045528076e-06
21520,115.022,0.002,0.0,0.0,3.129836031367912e-05
21524,114.976,0.006,0.0,0.0,-3.4789869190091862e-06
21528,115.002,0.004,0.0,0.0,1.3912801516495364e-05
21532,115.022,0.0,0.0,0.0,4.868633826572308e-05
21536,115.01,0.008,0.0,0.0,-2.0867750630379968e-05
21540,114.949,0.006,0.0,0.0,-3.4798040870299018e-06
21544,114.995,-0.001,0.0,0.0,5.7393799730423056e-05
21548,114.995,0.003,0.0,0.0,2.260967868168181e-05
21552,115.048,0.001,0.0,0.0,3.9983311313538696e-05
21556,114.994,0.008,0.0,0.0,-2.087065412108458e-05
21560,114.977,0.003,0.0,0.0,2.261321829583308e-05
21564,114.989,0.004,0.0,0.0,1.391437441842263e-05
21568,115.023,0.005,0.0,0.0,5.216348034740877e-06
21572,114.956,0.006,0.0,0.0,-3.4795921917951232e-06
21576,115.051,0.003,0.0,0.0,2.259867363169377e-05
21580,114.98,0.005,0.0,0.0,5.218298834579926e-06
21584,115.043,0.005,0.0,0.0,5.215441182862058e-06
21588,114.987,0.001,0.0,0.0,4.0004522250341346e-05
21592,114.974,0.001,0.0,0.0,4.000904552333571e-05
21596,115.021,0.005,0.0,0.0,5.216438737274062e-06
21600,115.041,0.007,0.0,0.0,-1.2169574325675196e-05
21604,115.016,0.001,0.0,0.0,3.9994435556792094e-05
21608,114.963,0.007,0.0,0.0,-1.2177831128276056e-05
21613,114.998,0.006,0.0,0.0,-3.4783213621106466e-06
21617,115.027,0.004,0.0,0.0,1.390977770436506e-05
21621,115.032,0.003,0.0,0.0,2.260240628694624e-05
21625,114.913,0.013000000000000001,0.0,0.0,-6.439654347201797e-05
21629,114.994,0.008,0.0,0.0,-2.087065412108458e-05
21633,115.041,0.004,0.0,0.0,1.3908084943628792e-05
21637,115.011,0.005,0.0,0.0,5.2168922972585215e-06
21641,114.96,0.003,0.0,0.0,2.2616562282533056e-05
21646,115.019,0.004,0.0,0.0,1.3910745181230926e-05
21650,114.998,0.005,0.0,0.0,5.2174820431659666e-06
21654,115.046,0.005,0.0,0.0,5.215305182274914e-06
21658,114.979,0.003,0.0,0.0,2.261282495064316e-05
21662,115.052,0.008,0.0,0.0,-2.086013280951222e-05
21666,114.973,0.001,0.0,0.0,4.0009393509780556e-05
21670,115.013,0.006,0.0,0.0,-3.4778677193012978e-06
21674,114.966,-0.001,0.0,0.0,5.740827722978968e-05
21679,115.061,0.003,0.0,0.0,2.259670957144471e-05
21683,114.984,0.006,0.0,0.0,-3.47874486885132e-06
21687,115.04,0.0,0.0,0.0,4.8678720445062586e-05
21691,114.985,0.006,0.0,0.0,-3.4787146149497777e-06
21695,114.995,0.003,0.0,0.0,2.260967868168181e-05
21699,114.928,0.009000000000000001,0.0,0.0,-2.958373938465823e-05
21703,115.066,0.005,0.0,0.0,5.214398692924059e-06
21708,114.971,0.002,0.0,0.0,3.131224395717181e-05
21712,115.044,0.002,0.0,0.0,3.129237509126943e-05
21716,115.002,0.005,0.0,0.0,5.217300568685761e-06
21720,115.055,0.002,0.0,0.0,3.128938333840337e-05
21724,114.975,0.009000000000000001,0.0,0.0,-2.9571646010002184e-05
21728,114.976,0.001,0.0,0.0,4.000834956860562e-05
21732,115.005,0.007,0.0,0.0,-1.2173383765923223e-05
21736,115.029,0.003,0.0,0.0,2.2602995766285022e-05
21741,115.039,0.006,0.0,0.0,-3.4770816853414945e-06
21745,114.977,0.008,0.0,0.0,-2.087373996538438e-05
21749,114.979,0.0,0.0,0.0,4.8704546047539114e-05
21753,115.031,0.006,0.0,0.0,-3.4773235040988965e-06
21757,114.922,0.008,0.0,0.0,-2.088372983414838e-05
21761,115.012,0.003,0.0,0.0,2.260633673008034e-05
21765,115.003,-0.001,0.0,0.0,5.7389807222420284e-05
21770,115.075,0.002,0.0,0.0,3.1283945253095806e-05
21774,114.988,0.008,0.0,0.0,-2.0871743138414446e-05
21778,114.977,0.004,0.0,0.0,1.3915826643589587e-05
21782,115.012,0.0,0.0,0.0,4.8690571418634574e-05
21786,114.982,0.008,0.0,0.0,-2.0872832269398692e-05
21790,115.008,0.004,0.0,0.0,1.3912075681691708e-05
21794,114.98,0.006,0.0,0.0,-3.4788658897199527e-06
21798,115.001,0.006,0.0,0.0,-3.4782306240815313e-06
21803,115.0,0.001,0.0,0.0,3.9999999999999996e-05
21807,114.918,0.003,0.0,0.0,2.2624828138324716e-05
21811,114.968,0.003,0.0,0.0,2.261498851854429e-05
21815,115.025,0.001,0.0,0.0,3.9991306237774394e-05
21819,114.991,0.001,0.0,0.0,4.000313067979233e-05
21823,114.997,0.01,0.0,0.0,-3.8261867700896545e-05
21827,114.967,0.001,0.0,0.0,4.001148155557682e-05
21832,115.032,0.002,0.0,0.0,3.1295639474233255e-05
21836,115.068,0.002,0.0,0.0,3.128584836792158e-05
21840,114.946,0.007,0.0,0.0,-1.2179632175108314e-05
21844,114.996,0.004,0.0,0.0,1.3913527427040939e-05
21848,115.044,0.005,0.0,0.0,5.215395848544903e-06
21852,115.037,0.002,0.0,0.0,3.12942792318993e-05
21856,114.999,0.001,0.0,0.0,4.000034782911156e-05
21860,114.981,0.002,0.0,0.0,3.130952070342057e-05
21865,114.977,0.0,0.0,0.0,4.870539325256355e-05
21869,115.086,0.003,0.0,0.0,2.259180091409902e-05
21873,114.961,0.002,0.0,0.0,3.131496768469307e-05
21877,114.966,0.002,0.0,0.0,3.131360576170346e-05
21881,115.024,0.003,0.0,0.0,2.2603978300180832e-05
21885,114.975,0.005,0.0,0.0,5.21852576647097e-06
21889,114.975,0.008,0.0,0.0,-2.0874103065883892e-05
21893,114.997,0.004,0.0,0.0,1.3913406436689651e-05
21898,114.999,0.007,0.0,0.0,-1.2174018904512215e-05
21902,115.044,0.005,0.0,0.0,5.215395848544903e-06
21906,114.976,0.009000000000000001,0.0,0.0,-2.957138881157808e-05
21910,114.96,0.001,0.0,0.0,4.001391788448156e-05
21914,114.978,0.0,0.0,0.0,4.870496964636713e-05
21918,115.064,-0.003,0.0,0.0,7.474101369672531e-05
21922,114.989,0.003,0.0,0.0,2.2610858429936776e-05
21927,114.974,-0.001,0.0,0.0,5.7404282707394713e-05
21931,114.935,0.006,0.0,0.0,-3.4802279549310494e-06
21935,115.054,0.007,0.0,0.0,-1.216819928033793e-05
21939,115.013,0.006,0.0,0.0,-3.4778677193012978e-06
21943,115.034,0.004,0.0,0.0,1.3908931272493348e-05
21947,114.985,0.006,0.0,0.0,-3.4787146149497777e-06
21951,115.031,0.006,0.0,0.0,-3.4773235040988965e-06
21956,114.966,0.004,0.0,0.0,1.3917158116312648e-05
21960,114.935,0.0,0.0,0.0,4.872319136903467e-05
21964,114.959,0.007,0.0,0.0,-1.2178254856079126e-05
21968,115.035,0.005,0.0,0.0,5.215803885773894e-06
21972,114.919,0.004,0.0,0.0,1.3922850007396514e-05
21976,114.963,0.004,0.0,0.0,1.3917521289458347e-05
21980,114.965,0.002,0.0,0.0,3.1313878136824246e-05
21984,115.014,0.003,0.0,0.0,2.260594362425444e-05
21989,114.966,0.005,0.0,0.0,5.218934293617242e-06
21993,114.97,0.009000000000000001,0.0,0.0,-2.9572932069235464e-05
21997,115.028,0.007,0.0,0.0,-1.2170949681816602e-05
22001,115.047,0.005,0.0,0.0,5.215259850322041e-06
22005,114.953,-0.001,0.0,0.0,5.7414769514497224e-05
22009,114.977,0.004,0.0,0.0,1.3915826643589587e-05
22014,115.011,-0.001,0.0,0.0,5.7385815269843755e-05
22018,115.074,-0.001,0.0,0.0,5.73543980395224e-05
22022,115.036,0.003,0.0,0.0,2.260162036232136e-05
22026,114.971,0.001,0.0,0.0,4.001008950083064e-05
22030,115.075,0.008,0.0,0.0,-2.0855963502063872e-05
22034,115.092,0.005,0.0,0.0,5.2132207277656126e-06
22038,114.998,0.003,0.0,0.0,2.2609088853719192e-05
22042,114.963,0.004,0.0,0.0,1.3917521289458347e-05
22046,115.012,0.004,0.0,0.0,1.3911591833895593e-05
22051,115.026,0.006,0.0,0.0,-3.4774746579034322e-06
22055,115.008,0.0,0.0,0.0,4.869226488592098e-05
22059,114.991,0.002,0.0,0.0,3.130679792331574e-05
22063,115.012,0.001,0.0,0.0,3.999582652244983e-05
22067,115.045,0.0,0.0,0.0,4.8676604806814724e-05
22071,115.036,0.005,0.0,0.0,5.215758545151082e-06
22075,114.983,0.001,0.0,0.0,4.000591391770957e-05
22079,114.978,0.0,0.0,0.0,4.870496964636713e-05
22084,115.039,0.006,0.0,0.0,-3.4770816853414945e-06
22088,115.091,0.01,0.0,0.0,-3.823061751136058e-05
22092,114.991,0.006,0.0,0.0,-3.4785331025906393e-06
22096,114.973,0.006,0.0,0.0,-3.479077696502659e-06
22100,114.973,0.005,0.0,0.0,5.218616544753984e-06
22104,115.008,0.0,0.0,0.0,4.869226488592098e-05
22108,114.93,0.008,0.0,0.0,-2.0882276168102324e-05
22113,115.004,0.003,0.0,0.0,2.2607909290111646e-05
22117,114.952,0.008,0.0,0.0,-2.087827962975851e-05
22121,115.005,0.006,0.0,0.0,-3.478109647406636e-06
22125,114.905,0.003,0.0,0.0,2.2627387842130453e-05
22129,114.925,0.003,0.0,0.0,2.262345007613661e-05
22133,114.999,0.003,0.0,0.0,2.2608892251236966e-05
22137,114.946,0.003,0.0,0.0,2.261931689662972e-05
22142,114.95,0.006,0.0,0.0,-3.4797738147020457e-06
22146,114.95,0.006,0.0,0.0,-3.4797738147020457e-06
22150,115.032,0.0,0.0,0.0,4.868210584880729e-05
22154,114.989,0.004,0.0,0.0,1.391437441842263e-05
22158,114.899,0.006,0.0,0.0,-3.481318375268716e-06
22162,114.998,0.004,0.0,0.0,1.391328544844258e-05
22166,115.019,0.007,0.0,0.0,-1.2171902033577062e-05
22170,115.003,0.005,0.0,0.0,5.217255202038206e-06
22175,114.998,0.011,0.0,0.0,-4.6957338388493703e-05
22179,115.015,0.006,0.0,0.0,-3.477807242533584e-06
22183,115.022,0.003,0.0,0.0,2.2604371337657142e-05
22187,115.049,0.001,0.0,0.0,3.998296378064998e-05
22191,114.951,0.004,0.0,0.0,1.3918974171603553e-05
22195,115.056,0.006,0.0,0.0,-3.4765679321373955e-06
22199,115.063,0.003,0.0,0.0,2.259631680036154e-05
22203,115.054,0.005,0.0,0.0,5.214942548716253e-06
22208,114.965,0.008,0.0,0.0,-2.0875918757882835e-05
22212,114.986,0.003,0.0,0.0,2.261144835023394e-05
22216,114.971,0.003,0.0,0.0,2.261439841351297e-05
22220,115.02,0.004,0.0,0.0,1.3910624239262736e-05
22224,114.953,0.004,0.0,0.0,1.3918732003514479e-05
22228,115.022,0.008,0.0,0.0,-2.086557354245275e-05
22232,115.071,0.003,0.0,0.0,2.259474585256059e-05
22237,115.08,0.008,0.0,0.0,-2.0855057351407717e-05
22241,114.908,0.006,0.0,0.0,-3.481045706130123e-06
22245,114.993,0.007,0.0,0.0,-1.2174654109380573e-05
22249,114.974,0.007,0.0,0.0,-1.2176666028841304e-05
22253,114.984,0.01,0.0,0.0,-3.826619355736451e-05
22257,114.93,0.005,0.0,0.0,5.220569042025579e-06
22262,115.009,-0.003,0.0,0.0,7.477675660165727e-05
22266,115.035,0.002,0.0,0.0,3.129482331464337e-05
22270,115.023,-0.001,0.0,0.0,5.737982838214966e-05
22274,114.945,0.003,0.0,0.0,2.261951368045587e-05
22278,115.09,-0.001,0.0,0.0,5.734642453731862e-05
22282,114.96,0.003,0.0,0.0,2.2616562282533056e-05
22286,115.056,0.003,0.0,0.0,2.259769155889306e-05
22290,114.955,0.005,0.0,0.0,5.219433691444477e-06
22294,114.979,-0.003,0.0,0.0,7.479626714443507e-05
22299,115.071,0.008,0.0,0.0,-2.0856688479286702e-05
22303,115.129,0.004,0.0,0.0,1.3897454160116042e-05
22307,115.002,-0.001,0.0,0.0,5.7390306255543384e-05
22311,115.037,0.006,0.0,0.0,-3.4771421368777016e-06
22315,115.025,0.001,0.0,0.0,3.9991306237774394e-05
22319,115.043,0.003,0.0,0.0,2.260024512573559e-05
22323,115.065,0.006,0.0,0.0,-3.4762960066049643e-06
22327,114.959,0.003,0.0,0.0,2.2616759018432658e-05
22332,115.005,0.005,0.0,0.0,5.21716447110995e-06
22336,115.085,0.002,0.0,0.0,3.128122691923361e-05
22340,114.958,0.007,0.0,0.0,-1.2178360792637314e-05
22344,114.99,0.0,0.0,0.0,4.869988694669102e-05
22348,114.987,0.002,0.0,0.0,3.130788697852801e-05
22352,115.022,0.005,0.0,0.0,5.2163933856131856e-06
22356,114.917,0.002,0.0,0.0,3.1326957717309014e-05
22361,115.031,0.004,0.0,0.0,1.3909294016395579e-05
22365,115.028,0.005,0.0,0.0,5.216121292207113e-06
22369,115.051,0.005,0.0,0.0,5.2150785303908685e-06
22373,114.921,0.004,0.0,0.0,1.3922607704423037e-05
22377,115.056,0.006,0.0,0.0,-3.4765679321373955e-06
22381,114.983,0.001,0.0,0.0,4.000591391770957e-05
22385,115.006,-0.001,0.0,0.0,5.73883101751213e-05
22389,114.984,0.002,0.0,0.0,3.1308703819661866e-05
22394,114.979,0.001,0.0,0.0,4.000730568190713e-05
22398,115.034,0.002,0.0,0.0,3.129509536311003e-05
22402,115.049,0.004,0.0,0.0,1.3907117836747818e-05
22406,114.999,0.002,0.0,0.0,3.1304620040174264e-05
22410,114.991,0.003,0.0,0.0,2.2610465166839142e-05
22414,115.055,0.01,0.0,0.0,-3.824257963582635e-05
22418,115.038,0.006,0.0,0.0,-3.4771119108468525e-06
22422,114.998,0.003,0.0,0.0,2.2609088853719192e-05
22427,114.997,0.0,0.0,0.0,4.8696922528413784e-05
22431,114.998,0.003,0.0,0.0,2.2609088853719192e-05
22435,114.942,0.003,0.0,0.0,2.2620104052478643e-05
22439,115.032,-0.001,0.0,0.0,5.73753390360943e-05
22443,114.98,0.001,0.0,0.0,4.000695773177944e-05
22447,115.029,0.003,0.0,0.0,2.2602995766285022e-05
22451,115.102,0.007,0.0,0.0,-1.2163124880540738e-05
22455,114.945,0.011,0.0,0.0,-4.697898995171604e-05
22460,114.961,0.003,0.0,0.0,2.2616365550056105e-05
22464,115.036,0.003,0.0,0.0,2.260162036232136e-05
22468,115.057,0.001,0.0,0.0,3.9980183735018296e-05
22472,114.996,0.004,0.0,0.0,1.3913527427040939e-05
22476,114.978,0.001,0.0,0.0,4.0007653638087285e-05
22480,114.959,0.004,0.0,0.0,1.3918005549804712e-05
22484,115.026,0.006,0.0,0.0,-3.4774746579034322e-06
22488,114.99,0.006,0.0,0.0,-3.4785633533350744e-06
22493,114.931,0.001,0.0,0.0,4.002401440864519e-05
22497,114.958,0.004,0.0,0.0,1.3918126620156927e-05
22501,115.094,0.003,0.0,0.0,2.2590230594123066e-05
22505,114.94,-0.003,0.0,0.0,7.482164607621368e-05
22509,114.959,-0.001,0.0,0.0,5.741177289294444e-05
22513,114.958,0.005,0.0,0.0,5.219297482558846e-06
22517,115.0,0.007,0.0,0.0,-1.2173913043478263e-05
22521,115.041,0.002,0.0,0.0,3.129319112316479e-05
22526,114.898,0.003,0.0,0.0,2.26287663840972e-05
22530,114.946,0.007,0.0,0.0,-1.2179632175108314e-05
22534,114.944,0.001,0.0,0.0,4.001948775055679e-05
22538,114.989,0.0,0.0,0.0,4.870031046447921e-05
22542,114.951,0.001,0.0,0.0,4.001705074336022e-05
22546,115.03,0.006,0.0,0.0,-3.477353733808573e-06
22550,115.022,0.003,0.0,0.0,2.2604371337657142e-05
22554,115.003,0.008,0.0,0.0,-2.086902080815283e-05
22559,114.978,0.009000000000000001,0.0,0.0,-2.9570874428151483e-05
22563,114.911,0.007,0.0,0.0,-1.2183341890680616e-05
22567,115.03,0.005,0.0,0.0,5.216030600712856e-06
22571,115.026,0.004,0.0,0.0,1.3909898631613722e-05
22575,114.967,0.005,0.0,0.0,5.2188888985534965e-06
22579,115.022,0.003,0.0,0.0,2.2604371337657142e-05
22583,114.994,0.003,0.0,0.0,2.2609875297841626e-05
22588,115.011,0.004,0.0,0.0,1.3911712792689394e-05
22592,114.964,0.004,0.0,0.0,1.3917400229637103e-05
22596,115.009,0.002,0.0,0.0,3.1301898112321645e-05
22600,115.005,0.002,0.0,0.0,3.130298682665971e-05
22604,115.0,0.003,0.0,0.0,2.260869565217391e-05
22608,114.908,-0.005,0.0,0.0,9.224771121244821e-05
22612,115.02,0.005,0.0,0.0,5.2164840897235255e-06
22616,115.07,0.004,0.0,0.0,1.3904579820978534e-05
22621,115.04,0.004,0.0,0.0,1.3908205841446452e-05
22625,114.98,0.004,0.0,0.0,1.3915463558879804e-05
22629,114.978,0.005,0.0,0.0,5.218389604967906e-06
22633,115.097,0.006,0.0,0.0,-3.4753295046786643e-06
22637,115.084,0.009000000000000001,0.0,0.0,-2.9543637690730256e-05
22641,115.024,0.006,0.0,0.0,-3.4775351231047447e-06
22645,115.086,0.001,0.0,0.0,3.997010930955981e-05
22650,115.061,0.004,0.0,0.0,1.3905667428581359e-05
22654,115.071,0.007,0.0,0.0,-1.2166401612917244e-05
22658,114.974,0.005,0.0,0.0,5.2185711552177e-06
22662,114.967,0.006,0.0,0.0,-3.4792592657023337e-06
22666,115.036,-0.001,0.0,0.0,5.737334399666191e-05
22670,115.005,0.001,0.0,0.0,3.99982609451763e-05
22674,114.963,0.005,0.0,0.0,5.2190704835468795e-06
22679,114.993,0.003,0.0,0.0,2.261007191742106e-05
22683,115.002,0.004,0.0,0.0,1.3912801516495364e-05
22687,114.832,0.0,0.0,0.0,4.876689424550648e-05
22691,114.836,0.003,0.0,0.0,2.2640983663659478e-05
22695,114.86,0.003,0.0,0.0,2.2636252829531604e-05
22699,114.938,0.005,0.0,0.0,5.220205676103637e-06
22703,114.987,0.01,0.0,0.0,-3.826519519597868e-05
22708,114.832,-0.001,0.0,0.0,5.7475268217918356e-05
22712,114.84,0.002,0.0,0.0,3.134796238244514e-05
22716,114.926,0.005,0.0,0.0,5.220750743956979e-06
22720,114.894,0.002,0.0,0.0,3.133322888923703e-05
22724,114.868,0.004,0.0,0.0,1.3929031584079116e-05
22728,114.801,0.004,0.0,0.0,1.3937160826125206e-05
22732,114.846,0.003,0.0,0.0,2.2639012242481234e-05
22736,114.868,0.004,0.0,0.0,1.3929031584079116e-05
22740,103.095,0.002,0.0,0.0,3.4919249236141425e-05
22745,89.856,-0.002,0.0,0.0,8.457977207977208e-05
22749,7.179,0.004,0.0,0.0
22753,2.549,0.008,0.0,0.0
22757,0.886,0.002,0.0,0.0
22761,0.274,0.004,0.0,0.0
22765,0.016,0.002,0.0,0.0
22769,-0.009,-0.003,0.0,0.0
22773,0.022,0.004,0.0,0.0
22777,0.029,0.002,0.0,0.0
22781,0.031,0.004,0.0,0.0
22785,0.01,0.004,0.0,0.0
22789,0.02,0.007,0.0,0.0
22793,-0.004,0.004,0.0,0.0
22797,0.033,-0.001,0.0,0.0
22801,0.008,0.005,0.0,0.0
22805,0.043,0.008,0.0,0.0
22809,0.038,0.007,0.0,0.0
22812,0.003,0.002,0.0,0.0
22816,0.049,0.004,0.0,0.0
22820,0.021,0.001,0.0,0.0
22824,-0.046,0.001,0.0,0.0
22828,-0.027,0.001,0.0,0.0
22832,-0.02,0.002,0.0,0.0
22836,-0.033,0.001,0.0,0.0
22840,0.018,-0.002,0.0,0.0
22844,0.004,0.001,0.0,0.0
22848,-0.006,0.001,0.0,0.0
22852,0.099,0.002,0.0,0.0
22856,0.046,0.005,0.0,0.0
22860,0.016,-0.001,0.0,0.0
22864,0.047,0.003,0.0,0.0
22868,-0.002,0.004,0.0,0.0
22872,-0.026,0.002,0.0,0.0
22876,-0.016,-0.001,0.0,0.0
22880,0.023,0.005,0.0,0.0
22884,0.08,0.0,0.0,0.0
22888,-0.019,0.0,0.0,0.0
22892,0.017,0.001,0.0,0.0
22896,0.03,0.005,0.0,0.0
22900,0.055,0.004,0.0,0.0
22904,0.001,0.0,0.0,0.0
22908,-0.008,0.008,0.0,0.0
22912,-0.022,0.003,0.0,0.0
22916,0.055,0.002,0.0,0.0
22920,-0.023,0.005,0.0,0.0
22924,-0.012,0.0,0.0,0.0
22928,0.064,0.004,0.0,0.0
22932,0.074,0.003,0.0,0.0
22936,-0.025,0.005,0.0,0.0
22940,0.043,0.009000000000000001,0.0,0.0
22944,0.042,0.007,0.0,0.0
22948,0.01,0.004,0.0,0.0
22952,0.054,-0.001,0.0,0.0
22956,0.069,0.003,0.0,0.0
22960,0.022,0.0,0.0,0.0
22964,0.037,0.001,0.0,0.0
22968,0.029,-0.002,0.0,0.0
22972,-0.003,0.001,0.0,0.0
22976,0.027,0.007,0.0,0.0
22980,0.057,0.005,0.0,0.0
22984,-0.012,0.003,0.0,0.0
22988,0.04,0.0,0.0,0.0
22992,0.022,0.007,0.0,0.0
22996,-0.003,0.008,0.0,0.0
23000,-0.029,0.008,0.0,0.0
23004,0.004,0.002,0.0,0.0
23008,-0.05,0.008,0.0,0.0
23012,0.045,0.001,0.0,0.0
23016,-0.016,0.002,0.0,0.0
23020,0.02,0.003,0.0,0.0
23024,0.021,0.003,0.0,0.0
23028,0.023,0.001,0.0,0.0
23032,0.051,0.005,0.0,0.0
23036,-0.01,0.006,0.0,0.0
23039,0.018,0.007,0.0,0.0
23043,-0.002,0.001,0.0,0.0
23047,0.036,0.002,0.0,0.0
23051,0.022,0.001,0.0,0.0
23055,0.023,0.001,0.0,0.0
23059,0.035,0.004,0.0,0.0
23063,0.027,0.007,0.0,0.0
23067,-0.021,0.006,0.0,0.0
23071,0.025,0.001,0.0,0.0
23075,-0.012,0.003,0.0,0.0
23079,0.021,0.006,0.0,0.0
23083,0.057,0.004,0.0,0.0
23087,0.041,0.006,0.0,0.0
23091,0.013,0.001,0.0,0.0
23095,0.004,0.001,0.0,0.0
23099,0.062,0.004,0.0,0.0
23103,0.043,0.008,0.0,0.0
23107,0.015,0.004,0.0,0.0
23111,0.005,0.006,0.0,0.0
23115,0.037,0.003,0.0,0.0
23119,0.014,0.001,0.0,0.0
23123,0.026,0.002,0.0,0.0
23127,0.021,0.006,0.0,0.0
23131,-0.044,0.006,0.0,0.0
23135,0.035,0.012,0.0,0.0
23139,0.025,0.005,0.0,0.0
23143,0.084,0.006,0.0,0.0
23147,0.033,0.002,0.0,0.0
23151,0.073,0.003,0.0,0.0
23155,0.037,0.005,0.0,0.0
23159,0.089,0.004,0.0,0.0
23163,0.008,0.004999999999999999,0.0,0.0
23167,0.041,0.003,0.0,0.0
23171,0.064,0.004,0.0,0.0
23175,0.031,0.001,0.0,0.0
23179,0.095,0.002,0.0,0.0
23183,0.074,0.005,0.0,0.0
23187,0.085,0.002,0.0,0.0
23190,0.076,0.002,0.0,0.0
23194,0.021,0.003,0.0,0.0
23198,0.049,0.0,0.0,0.0
23202,0.021,0.001,0.0,0.0
23206,-0.021,0.002,0.0,0.0
23210,-0.01,0.002,0.0,0.0
23214,0.094,0.005,0.0,0.0
23218,0.039,0.001,0.0,0.0
23222,-0.007,0.007,0.0,0.0
23226,0.0,0.003,0.0,0.0
23230,-0.004,0.002,0.0,0.0
23234,0.025,-0.002,0.0,0.0
23238,0.045,0.001,0.0,0.0
23242,0.084,-0.002,0.0,0.0
23246,0.036,0.0,0.0,0.0
23250,0.034,-0.002,0.0,0.0
23254,-0.023,0.002,0.0,0.0
23258,0.044,-0.001,0.0,0.0
23262,0.021,0.003,0.0,0.0
23266,0.025,-0.001,0.0,0.0
23270,0.054,-0.002,0.0,0.0
23274,-0.001,0.0,0.0,0.0
23278,0.03,0.001,0.0,0.0
23282,-0.002,0.003,0.0,0.0
23286,-0.024,0.0,0.0,0.0
23290,-0.039,0.005,0.0,0.0
23294,0.04,0.0,0.0,0.0
23298,0.022,0.002,0.0,0.0
23302,0.031,0.001,0.0,0.0
23306,-0.031,0.0,0.0,0.0
23310,0.039,-0.001,0.0,0.0
23314,0.019,0.0,0.0,0.0
23317,0.002,-0.002,0.0,0.0
23321,0.018,0.0,0.0,0.0
23325,-0.063,0.001,0.0,0.0
23329,-0.032,0.004,0.0,0.0
23333,0.059,0.005,0.0,0.0
23337,0.023,0.003,0.0,0.0
23341,-0.012,0.007,0.0,0.0
23345,0.033,0.006,0.0,0.0
23349,0.006,0.005,0.0,0.0
23353,-0.002,0.004,0.0,0.0
23357,0.019,0.003,0.0,0.0
23361,0.058,0.007,0.0,0.0
23365,-0.013,0.007,0.0,0.0
23369,0.018,0.002,0.0,0.0
23373,0.025,0.006,0.0,0.0
23377,0.03,0.002,0.0,0.0
23381,0.049,0.003,0.0,0.0
23385,0.051,0.006,0.0,0.0
23389,0.054,0.004,0.0,0.0
23393,0.072,0.003,0.0,0.0
23397,0.007,0.005,0.0,0.0
23401,0.005,0.001,0.0,0.0
23405,0.048,0.003,0.0,0.0
23409,-0.026,0.011,0.0,0.0
23413,0.061,0.003,0.0,0.0
23417,0.013,0.001,0.0,0.0
23421,-0.011,0.003,0.0,0.0
23425,0.021,0.003,0.0,0.0
23429,0.043,0.004,0.0,0.0
23433,0.024,-0.001,0.0,0.0
23437,0.065,0.007,0.0,0.0
23441,0.004,0.004,0.0,0.0
23445,0.006,0.008,0.0,0.0
23449,-0.012,-0.001,0.0,0.0
23453,0.027,0.004,0.0,0.0
23457,-0.016,0.002,0.0,0.0
23461,-0.005,-0.001,0.0,0.0
23465,0.01,0.001,0.0,0.0
23469,0.042,0.005,0.0,0.0
23473,0.025,0.003,0.0,0.0
23477,0.071,0.003,0.0,0.0
23481,0.114,0.002,0.0,0.0
23485,0.015,0.006,0.0,0.0
23489,-0.002,0.003,0.0,0.0
23492,0.042,0.002,0.0,0.0
23496,0.075,0.008,0.0,0.0
23500,0.052,0.006,0.0,0.0
23504,-0.011,0.005,0.0,0.0
23508,0.032,0.008,0.0,0.0
23512,0.021,0.004,0.0,0.0
23516,0.003,0.006,0.0,0.0
23520,0.073,0.004,0.0,0.0
23524,0.034,0.005,0.0,0.0
23528,0.013,0.001,0.0,0.0
23532,0.001,0.004,0.0,0.0
23536,0.042,0.002,0.0,0.0
23540,0.015,-0.001,0.0,0.0
23544,0.033,-0.003,0.0,0.0
23548,-0.017,0.005,0.0,0.0
23552,0.012,-0.002,0.0,0.0
23556,0.021,0.005,0.0,0.0
23560,-0.01,0.001,0.0,0.0
23564,0.051,0.0,0.0,0.0
23568,0.025,0.004,0.0,0.0
23572,0.02,-0.003,0.0,0.0
23576,0.024,0.002,0.0,0.0
23580,0.03,0.004,0.0,0.0
23584,0.025,0.007,0.0,0.0
23588,0.04,0.004,0.0,0.0
23592,0.012,0.005,0.0,0.0
23596,-0.012,0.0,0.0,0.0
23600,0.055,0.003,0.0,0.0
23604,-0.006,0.005,0.0,0.0
23608,0.013,0.006,0.0,0.0
23612,-0.009,0.009000000000000001,0.0,0.0
23615,0.051,0.002,0.0,0.0
23619,0.069,0.003,0.0,0.0
23623,-0.01,0.004,0.0,0.0
23627,0.026,0.005,0.0,0.0
23631,-0.011,0.004,0.0,0.0
23635,-0.045,0.004,0.0,0.0
23639,-0.015,0.004,0.0,0.0
23643,0.002,0.008,0.0,0.0
23647,0.014,0.005,0.0,0.0
23651,0.009,0.008,0.0,0.0
23655,0.037,0.008,0.0,0.0
23659,-0.011,0.004,0.0,0.0
23663,-0.014,0.008,0.0,0.0
23667,-0.006,0.002,0.0,0.0
23671,0.048,0.004,0.0,0.0
23675,0.008,0.002,0.0,0.0
23679,-0.019,0.002,0.0,0.0
23683,0.014,0.003,0.0,0.0
23687,0.058,-0.001,0.0,0.0
23691,0.025,0.003,0.0,0.0
23695,0.008,0.0,0.0,0.0
23699,0.027,0.002,0.0,0.0
23703,0.011,0.003,0.0,0.0
23707,-0.004,0.006,0.0,0.0
23711,-0.019,0.0,0.0,0.0
23715,0.065,0.006,0.0,0.0
23719,0.01,0.002,0.0,0.0
23723,0.038,0.002,0.0,0.0
23727,-0.022,0.008,0.0,0.0
23731,-0.021,0.004,0.0,0.0
23735,-0.007,0.004,0.0,0.0
23739,-0.001,-0.002,0.0,0.0
23743,-0.009,0.005,0.0,0.0
23747,-0.014,0.002,0.0,0.0
23751,0.057,0.003,0.0,0.0
23755,0.015,0.006,0.0,0.0
23759,-0.015,0.004,0.0,0.0
23763,-0.003,0.004,0.0,0.0
23767,0.025,0.005,0.0,0.0
23771,-0.026,0.005,0.0,0.0
23775,0.02,0.007,0.0,0.0
23779,0.014,0.001,0.0,0.0
23782,0.012,0.006,0.0,0.0
23787,-0.02,0.004,0.0,0.0
23790,0.018,0.001,0.0,0.0
23794,0.012,0.002,0.0,0.0
23798,0.064,-0.002,0.0,0.0
23802,-0.036,0.003,0.0,0.0
23806,-0.036,0.003,0.0,0.0
23810,-0.02,0.004,0.0,0.0
23814,-0.014,0.0,0.0,0.0
23818,0.082,0.003,0.0,0.0
23822,0.025,0.001,0.0,0.0
23826,0.051,0.01,0.0,0.0
23830,0.051,-0.004,0.0,0.0
23834,0.078,0.006,0.0,0.0
23838,0.025,0.002,0.0,0.0
23842,-0.045,0.002,0.0,0.0
23846,-0.014,0.001,0.0,0.0
23850,-0.002,-0.002,0.0,0.0
23854,0.05,0.003,0.0,0.0
23858,-0.028,0.005,0.0,0.0
23862,-0.001,0.002,0.0,0.0
23866,-0.005,0.003,0.0,0.0
23870,0.024,0.005,0.0,0.0
23874,0.015,0.009000000000000001,0.0,0.0
23878,0.016,0.007,0.0,0.0
23882,0.036,0.003,0.0,0.0
23886,0.045,-0.003,0.0,0.0
23890,-0.018,-0.001,0.0,0.0
23894,0.021,0.005,0.0,0.0
23898,-0.064,0.002,0.0,0.0
23902,0.018,0.003,0.0,0.0
23906,0.038,-0.001,0.0,0.0
23910,-0.023,0.005,0.0,0.0
23914,-0.016,-0.01,0.0,0.0
23918,0.034,0.0,0.0,0.0
23922,-0.002,0.001,0.0,0.0
23926,0.041,0.001,0.0,0.0
23930,0.041,0.001,0.0,0.0
23934,0.02,0.004,0.0,0.0
23938,0.017,0.006,0.0,0.0
23942,0.037,0.002,0.0,0.0
23946,0.063,0.005,0.0,0.0
23950,-0.006,0.004,0.0,0.0
23954,0.005,-0.002,0.0,0.0
23957,0.0,0.003,0.0,0.0
23961,0.073,0.003,0.0,0.0
23965,-0.002,0.0,0.0,0.0
23969,0.062,0.006,0.0,0.0
23973,0.051,-0.001,0.0,0.0
23977,0.009,0.004,0.0,0.0
23981,0.039,0.001,0.0,0.0
23985,0.029,-0.006,0.0,0.0
23989,0.068,0.002,0.0,0.0
23993,0.042,0.0,0.0,0.0
23997,0.025,-0.002,0.0,0.0
24001,0.025,0.0,0.0,0.0
24005,0.065,0.003,0.0,0.0
24009,0.005,0.006,0.0,0.0
24013,-0.02,0.005,0.0,0.0
24017,-0.069,0.005,0.0,0.0
24021,0.035,0.005,0.0,0.0
24025,0.031,0.002,0.0,0.0
24029,-0.012,0.0,0.0,0.0
24033,-0.01,0.001,0.0,0.0
24037,0.061,0.006,0.0,0.0
24041,-0.021,0.004,0.0,0.0
24045,0.055,0.001,0.0,0.0
24049,0.028,0.004,0.0,0.0
24053,0.032,0.004,0.0,0.0
24057,0.019,0.001,0.0,0.0
24061,0.013,0.002,0.0,0.0
24065,0.042,-0.001,0.0,0.0
24069,0.077,0.003,0.0,0.0
24073,0.04,0.001,0.0,0.0
24077,0.032,0.009000000000000001,0.0,0.0
24080,0.002,0.004,0.0,0.0
24084,0.06,0.001,0.0,0.0
24088,0.003,0.001,0.0,0.0
24092,0.088,0.0,0.0,0.0
24096,0.04,0.001,0.0,0.0
24100,0.022,0.002,0.0,0.0
24104,0.032,0.006,0.0,0.0
24108,0.036,0.003,0.0,0.0
24112,0.058,0.007,0.0,0.0
24116,0.062,0.003,0.0,0.0
24120,-0.001,0.003,0.0,0.0
24124,-0.005,0.001,0.0,0.0
24128,0.008,0.007,0.0,0.0
24132,-0.031,0.005,0.0,0.0
24136,0.015,0.001,0.0,0.0
24140,0.06,0.0,0.0,0.0
24144,0.051,0.001,0.0,0.0
24148,-0.007,0.004,0.0,0.0
24152,-0.033,0.004,0.0,0.0
24156,-0.016,0.003,0.0,0.0
24160,-0.046,0.005,0.0,0.0
24164,0.01,0.003,0.0,0.0
24168,-0.07,-0.001,0.0,0.0
24172,0.008,0.001,0.0,0.0
24176,0.038,0.002,0.0,0.0
24180,-0.004,0.001,0.0,0.0
24184,0.04,0.004,0.0,0.0
24188,0.053,0.007,0.0,0.0
24192,0.029,0.007,0.0,0.0
24196,0.057,0.012,0.0,0.0
24200,0.064,0.006,0.0,0.0
24204,-0.018,0.003,0.0,0.0
24208,-0.016,0.006,0.0,0.0
24212,0.032,0.002,0.0,0.0
24216,0.022,0.005,0.0,0.0
24220,0.01,0.006,0.0,0.0
24224,0.064,0.006,0.0,0.0
24228,0.007,0.002,0.0,0.0
24232,0.063,0.005,0.0,0.0
24236,0.044,0.003,0.0,0.0
24240,-0.001,0.007,0.0,0.0
24244,0.04,0.004,0.0,0.0
24248,-0.022,0.006,0.0,0.0
24252,0.001,0.007,0.0,0.0
24256,-0.005,0.003,0.0,0.0
24259,0.03,0.002,0.0,0.0
24264,0.042,0.004,0.0,0.0
24268,0.102,0.006,0.0,0.0
24272,-0.001,0.004,0.0,0.0
24275,0.006,0.004,0.0,0.0
24279,-0.021,0.002,0.0,0.0
24283,0.061,0.004,0.0,0.0
24287,-0.002,0.005,0.0,0.0
24291,0.041,0.001,0.0,0.0
24295,0.01,0.008,0.0,0.0
24299,0.014,0.005,0.0,0.0
24303,0.047,0.001,0.0,0.0
24307,0.035,0.0,0.0,0.0
24311,0.03,-0.002,0.0,0.0
24315,0.01,-0.007,0.0,0.0
24319,0.023,-0.006,0.0,0.0
24323,0.06,0.001,0.0,0.0
24327,-0.03,0.005,0.0,0.0
24331,0.015,0.002,0.0,0.0
24335,0.09,-0.003,0.0,0.0
24339,0.001,-0.002,0.0,0.0
24343,0.008,-0.002,0.0,0.0
24347,0.028,0.004,0.0,0.0
24351,0.034,-0.003,0.0,0.0
24355,-0.005,0.001,0.0,0.0
24359,0.031,-0.003,0.0,0.0
24363,0.006,-0.01,0.0,0.0
24367,0.015,0.0,0.0,0.0
24371,0.052,-0.003,0.0,0.0
24375,0.058,0.001,0.0,0.0
24378,0.018,0.002,0.0,0.0
24382,0.037,0.003,0.0,0.0
24386,0.001,0.005,0.0,0.0
24390,0.035,0.005,0.0,0.0
24394,-0.019,0.004,0.0,0.0
24398,0.018,0.002,0.0,0.0
24402,-0.007,-0.001,0.0,0.0
24406,0.039,0.004,0.0,0.0
24410,-0.037,0.002,0.0,0.0
24414,0.045,0.004,0.0,0.0
24418,0.052,0.001,0.0,0.0
24422,0.007,0.011,0.0,0.0
24426,-0.01,0.002,0.0,0.0
24430,0.049,-0.002,0.0,0.0
24434,0.071,0.004,0.0,0.0
24438,-0.025,0.004,0.0,0.0
24442,0.055,0.005,0.0,0.0
24446,-0.007,0.001,0.0,0.0
24450,0.022,0.0,0.0,0.0
24454,-0.008,0.006,0.0,0.0
24458,-0.004,0.006,0.0,0.0
24462,0.014,0.005,0.0,0.0
24466,0.054,0.002,0.0,0.0
24470,-0.004,0.008,0.0,0.0
24474,-0.008,0.007,0.0,0.0
24478,0.029,0.006,0.0,0.0
24482,0.095,0.002,0.0,0.0
24486,0.017,0.007,0.0,0.0
24490,0.055,0.001,0.0,0.0
24494,-0.005,0.0,0.0,0.0
24498,0.037,0.005,0.0,0.0
24502,0.038,0.003,0.0,0.0
24506,0.003,-0.003,0.0,0.0
24510,0.038,0.004,0.0,0.0
24514,0.088,0.0,0.0,0.0
24518,0.039,0.006,0.0,0.0
24522,0.006,0.005,0.0,0.0
24526,0.055,0.005,0.0,0.0
24530,-0.003,0.004,0.0,0.0
24534,0.004,0.005,0.0,0.0
24538,-0.024,0.002,0.0,0.0
24542,0.038,0.003,0.0,0.0
24546,0.025,0.006,0.0,0.0
24550,0.002,0.003,0.0,0.0
24553,0.004,0.006,0.0,0.0
24557,-0.028,0.004,0.0,0.0
24561,0.01,0.003,0.0,0.0
24565,-0.006,-0.001,0.0,0.0
24569,-0.0,-0.001,0.0,0.0
24573,0.071,0.004,0.0,0.0
24577,0.015,0.0,0.0,0.0
24581,0.005,-0.002,0.0,0.0
24585,-0.019,-0.003,0.0,0.0
24589,0.007,-0.001,0.0,0.0
24593,0.072,0.001,0.0,0.0
24597,-0.01,0.001,0.0,0.0
24601,0.033,0.006,0.0,0.0
24605,0.081,0.007,0.0,0.0
24609,0.032,0.002,0.0,0.0
24613,-0.028,-0.002,0.0,0.0
24617,0.009,0.002,0.0,0.0
24621,0.024,0.003,0.0,0.0
24625,0.035,0.006,0.0,0.0
24629,0.009,0.0,0.0,0.0
24633,-0.0,0.005,0.0,0.0
24637,-0.022,0.01,0.0,0.0
24641,0.024,0.001,0.0,0.0
24645,-0.01,0.001,0.0,0.0
24649,0.079,0.0,0.0,0.0
24653,0.026,0.001,0.0,0.0
24657,0.011,0.003,0.0,0.0
24661,0.031,0.002,0.0,0.0
24665,-0.006,0.005,0.0,0.0
24669,-0.013,0.0,0.0,0.0
24673,-0.005,0.003,0.0,0.0
24677,0.04,0.007,0.0,0.0
24681,-0.001,0.005,0.0,0.0
24685,0.033,0.003,0.0,0.0
24689,0.055,0.005,0.0,0.0
24693,0.048,0.004,0.0,0.0
24697,0.053,-0.005,0.0,0.0
24701,-0.036,0.0,0.0,0.0
24705,0.115,-0.002,0.0,0.0
24709,0.036,0.0,0.0,0.0
24713,0.067,0.006,0.0,0.0
24717,0.046,0.002,0.0,0.0
24721,0.005,0.002,0.0,0.0
24725,0.054,0.002,0.0,0.0
24729,0.038,-0.002,0.0,0.0
24732,-0.017,0.003,0.0,0.0
24736,-0.036,0.002,0.0,0.0
24740,0.029,-0.001,0.0,0.0
24744,0.006,-0.001,0.0,0.0
24748,0.028,0.004,0.0,0.0
24752,0.02,0.0,0.0,0.0
24756,0.04,0.006,0.0,0.0
24760,0.048,0.004,0.0,0.0
24764,0.009,0.007,0.0,0.0
24768,0.049,0.006,0.0,0.0
24772,-0.017,0.006,0.0,0.0
24776,0.052,-0.001,0.0,0.0
24780,0.011,0.008,0.0,0.0
24784,-0.003,0.002,0.0,0.0
24788,0.048,0.003,0.0,0.0
24792,0.036,-0.002,0.0,0.0
24796,0.032,0.004,0.0,0.0
24800,0.045,-0.002,0.0,0.0
24804,0.03,0.004,0.0,0.0
24808,0.02,0.004,0.0,0.0
24812,0.044,0.006,0.0,0.0
24816,-0.015,-0.002,0.0,0.0
24820,-0.015,0.001,0.0,0.0
24824,0.028,0.006,0.0,0.0
24828,-0.08,0.006,0.0,0.0
24832,-0.007,0.005,0.0,0.0
24836,-0.009,0.007,0.0,0.0
24840,0.023,0.011,0.0,0.0
24844,0.036,0.008,0.0,0.0
24848,0.044,0.007,0.0,0.0
24852,-0.023,0.006,0.0,0.0
24856,0.051,0.009000000000000001,0.0,0.0
24860,0.006,0.008,0.0,0.0
24864,-0.037,0.006,0.0,0.0
24868,0.013,0.004,0.0,0.0
24872,0.01,0.006,0.0,0.0
24876,0.042,0.002,0.0,0.0
24880,0.035,0.004,0.0,0.0
24884,-0.017,0.004,0.0,0.0
24888,0.073,0.004,0.0,0.0
24892,0.052,0.011,0.0,0.0
24896,0.038,0.008,0.0,0.0
24900,0.048,0.006,0.0,0.0
24904,0.009,0.0,0.0,0.0
24908,0.047,0.004,0.0,0.0
24912,0.064,0.005,0.0,0.0
24916,0.002,0.0,0.0,0.0
24920,0.106,-0.002,0.0,0.0
24924,0.07,0.005,0.0,0.0
24928,0.016,0.004,0.0,0.0
24932,-0.01,-0.002,0.0,0.0
24936,0.033,-0.001,0.0,0.0
24940,0.059,-0.002,0.0,0.0
24944,0.037,0.006,0.0,0.0
24948,0.047,0.007,0.0,0.0
24952,0.01,0.004,0.0,0.0
24956,0.07,0.005,0.0,0.0
24960,0.039,0.003,0.0,0.0
24964,0.019,0.0,0.0,0.0
24968,0.035,0.003,0.0,0.0
24971,0.05,0.002,0.0,0.0
24975,0.014,0.001,0.0,0.0
24979,0.082,0.007,0.0,0.0
24983,0.034,0.006,0.0,0.0
24987,0.057,-0.001,0.0,0.0
24991,-0.017,0.002,0.0,0.0
24995,-0.027,0.009000000000000001,0.0,0.0
24999,-0.033,0.007,0.0,0.0
25003,-0.01,0.004,0.0,0.0
25007,0.059,0.008,0.0,0.0
25011,-0.008,0.006,0.0,0.0
25015,-0.003,-0.002,0.0,0.0
25019,0.013,0.003,0.0,0.0
25023,0.063,0.009000000000000001,0.0,0.0
25027,0.036,0.007,0.0,0.0
25031,0.06,0.009000000000000001,0.0,0.0
25035,-0.003,0.003,0.0,0.0
25039,0.016,0.001,0.0,0.0
25043,0.07,0.004,0.0,0.0
25047,0.101,0.004,0.0,0.0
25051,0.082,0.005,0.0,0.0
25055,-0.007,0.003,0.0,0.0
25059,0.015,0.006,0.0,0.0
25063,0.045,0.003,0.0,0.0
25067,0.015,0.007,0.0,0.0
25071,0.056,0.002,0.0,0.0
25075,0.026,0.003,0.0,0.0
25079,0.036,0.007,0.0,0.0
25083,0.058,0.003,0.0,0.0
25087,-0.022,-0.001,0.0,0.0
25091,0.021,0.001,0.0,0.0
25095,0.028,0.001,0.0,0.0
25099,0.035,0.0,0.0,0.0
25103,0.071,0.005,0.0,0.0
25107,-0.01,0.005,0.0,0.0
25111,0.01,0.005,0.0,0.0
25115,0.032,0.007,0.0,0.0
25119,0.043,0.003,0.0,0.0
25123,0.066,0.0,0.0,0.0
25127,0.037,-0.005,0.0,0.0
25131,-0.013,0.003,0.0,0.0
25135,-0.007,0.0,0.0,0.0
25139,-0.018,0.002,0.0,0.0
25143,0.024,0.004,0.0,0.0
25147,0.02,0.005,0.0,0.0
25151,-0.003,0.002,0.0,0.0
25154,0.03,0.006,0.0,0.0
25158,0.053,0.003,0.0,0.0
25162,0.052,-0.002,0.0,0.0
25166,0.053,-0.002,0.0,0.0
25170,0.031,0.0,0.0,0.0
25174,0.073,0.004,0.0,0.0
25178,0.039,0.002,0.0,0.0
25182,0.072,0.004,0.0,0.0
25186,0.022,0.004,0.0,0.0
25190,0.031,0.006,0.0,0.0
25194,-0.016,-0.002,0.0,0.0
25198,-0.047,0.0,0.0,0.0
25202,0.022,-0.001,0.0,0.0
25206,0.04,0.005,0.0,0.0
25210,0.028,-0.002,0.0,0.0
25214,0.066,-0.001,0.0,0.0
25218,0.009,0.001,0.0,0.0
25222,0.008,0.003,0.0,0.0
25226,0.009,0.003,0.0,0.0
25230,0.011,0.003,0.0,0.0
25234,-0.018,0.005,0.0,0.0
25238,-0.059,0.001,0.0,0.0
25242,0.019,0.001,0.0,0.0
25246,0.074,0.003,0.0,0.0
25250,0.074,0.003,0.0,0.0
25254,0.015,0.0,0.0,0.0
25258,0.007,-0.001,0.0,0.0
25262,0.039,0.002,0.0,0.0
25266,0.068,0.004,0.0,0.0
25269,-0.008,0.001,0.0,0.0
25273,0.026,0.004,0.0,0.0
25277,-0.018,-0.001,0.0,0.0
25281,0.026,0.004,0.0,0.0
25285,0.032,0.005,0.0,0.0
25289,0.054,0.005,0.0,0.0
25293,-0.002,0.007,0.0,0.0
25297,0.022,0.006,0.0,0.0
25301,-0.01,0.004,0.0,0.0
25305,0.028,0.001,0.0,0.0
25309,-0.051,0.003,0.0,0.0
25313,0.078,0.007,0.0,0.0
25317,0.074,0.003,0.0,0.0
25321,0.009,0.008,0.0,0.0
25325,0.015,0.004,0.0,0.0
25329,-0.03,0.01,0.0,0.0
25333,0.031,0.004,0.0,0.0
25337,0.0,0.004,0.0,0.0
25341,0.046,0.002,0.0,0.0
25345,0.039,0.003,0.0,0.0
25349,-0.001,0.002,0.0,0.0
25353,0.037,0.007,0.0,0.0
25357,0.02,0.002,0.0,0.0
25361,0.042,-0.001,0.0,0.0
25365,-0.01,0.003,0.0,0.0
25369,0.041,0.007,0.0,0.0
25373,0.03,0.005,0.0,0.0
25377,0.051,0.003,0.0,0.0
25381,0.019,0.002,0.0,0.0
25385,0.044,0.004,0.0,0.0
25389,0.047,0.0,0.0,0.0
25393,0.06,0.003,0.0,0.0
25397,0.061,0.003,0.0,0.0
25401,0.048,0.003,0.0,0.0
25405,0.067,0.001,0.0,0.0
25409,0.02,0.005,0.0,0.0
25413,0.031,-0.002,0.0,0.0
25417,0.037,0.004,0.0,0.0
25421,0.051,-0.003,0.0,0.0
25425,-0.011,0.001,0.0,0.0
25429,-0.007,0.004,0.0,0.0
25432,0.019,0.004,0.0,0.0
25436,0.045,0.0,0.0,0.0
25440,0.008,0.003,0.0,0.0
25444,0.042,0.004,0.0,0.0
25448,0.042,-0.001,0.0,0.0
25452,0.02,0.002,0.0,0.0
25456,0.132,0.001,0.0,0.0
25460,0.037,-0.001,0.0,0.0
25464,0.047,-0.001,0.0,0.0
25468,0.003,0.0,0.0,0.0
25472,0.011,0.001,0.0,0.0
25476,0.059,-0.001,0.0,0.0
25480,0.043,-0.002,0.0,0.0
25484,0.011,0.002,0.0,0.0
25488,0.063,0.007,0.0,0.0
25492,0.065,-0.001,0.0,0.0
25496,0.049,0.0,0.0,0.0
25500,0.064,-0.004,0.0,0.0
25504,0.031,0.004,0.0,0.0
25508,0.002,-0.003,0.0,0.0
25512,0.072,0.001,0.0,0.0
25516,0.03,0.004,0.0,0.0
25519,-0.018,0.0,0.0,0.0
25523,-0.044,0.005,0.0,0.0
25527,0.023,-0.001,0.0,0.0
25531,0.038,-0.003,0.0,0.0
25535,0.015,0.001,0.0,0.0
25539,0.033,-0.002,0.0,0.0
25543,-0.041,0.002,0.0,0.0
25547,0.03,-0.001,0.0,0.0
25551,0.036,-0.003,0.0,0.0
25555,0.07,0.006,0.0,0.0
25559,0.005,0.0,0.0,0.0
25563,0.033,-0.003,0.0,0.0
25567,0.017,0.001,0.0,0.0
25571,-0.013,0.002,0.0,0.0
25575,0.014,-0.002,0.0,0.0
25579,0.029,0.001,0.0,0.0
25583,0.035,0.002,0.0,0.0
25587,0.061,0.002,0.0,0.0
25591,0.03,0.004,0.0,0.0
25595,0.051,-0.001,0.0,0.0
25599,0.002,-0.001,0.0,0.0
25603,0.041,0.003,0.0,0.0
25607,0.065,0.006,0.0,0.0
25611,0.068,-0.001,0.0,0.0
25615,0.016,-0.004,0.0,0.0
25619,0.055,0.0,0.0,0.0
25623,0.012,0.004,0.0,0.0
25627,0.027,0.001,0.0,0.0
25631,0.042,-0.001,0.0,0.0
25635,0.083,-0.003,0.0,0.0
25638,0.005,0.003,0.0,0.0
25642,0.046,-0.001,0.0,0.0
25646,0.071,0.003,0.0,0.0
25650,-0.017,-0.004,0.0,0.0
25654,0.025,0.002,0.0,0.0
25658,0.007,-0.004,0.0,0.0
25662,0.049,-0.001,0.0,0.0
25666,0.078,0.001,0.0,0.0
25670,0.022,-0.001,0.0,0.0
25674,0.019,-0.003,0.0,0.0
25678,0.011,0.004,0.0,0.0
25682,0.057,0.002,0.0,0.0
25686,0.091,0.003,0.0,0.0
25690,-0.029,-0.003,0.0,0.0
25694,0.001,0.002,0.0,0.0
25698,0.08,-0.003,0.0,0.0
25702,0.043,0.002,0.0,0.0
25706,0.004,0.006,0.0,0.0
25710,0.02,-0.002,0.0,0.0
25714,0.04,-0.001,0.0,0.0
25718,-0.015,0.003,0.0,0.0
25722,-0.008,0.004,0.0,0.0
25726,0.028,0.0,0.0,0.0
25730,0.024,0.001,0.0,0.0
25734,0.043,0.002,0.0,0.0
25738,-0.001,-0.003,0.0,0.0
25742,-0.023,0.0,0.0,0.0
25746,-0.036,-0.0,0.0,0.0
25750,0.023,-0.002,0.0,0.0
25754,0.046,0.003,0.0,0.0
25758,0.078,0.002,0.0,0.0
25762,0.026,0.003,0.0,0.0
25766,-0.013,0.002,0.0,0.0
25770,0.063,0.004,0.0,0.0
25774,0.059,-0.001,0.0,0.0
25777,0.01,0.007,0.0,0.0
25782,0.068,0.0,0.0,0.0
25785,0.065,0.003,0.0,0.0
25789,0.023,-0.004,0.0,0.0
25793,0.02,0.001,0.0,0.0
25797,0.015,0.002,0.0,0.0
25801,0.029,0.006,0.0,0.0
25805,0.006,0.002,0.0,0.0
25809,0.013,0.004,0.0,0.0
25813,0.027,0.005,0.0,0.0
25817,0.023,0.006,0.0,0.0
25821,0.038,0.005,0.0,0.0
25825,0.024,0.003,0.0,0.0
25829,-0.02,0.004,0.0,0.0
25833,0.034,-0.002,0.0,0.0
25837,0.022,0.006,0.0,0.0
25841,0.008,-0.004,0.0,0.0
25845,-0.02,0.008,0.0,0.0
25849,0.028,0.006,0.0,0.0
25853,-0.037,0.004,0.0,0.0
25857,0.008,0.007,0.0,0.0
25861,0.087,0.004,0.0,0.0
25865,0.015,0.005,0.0,0.0
25869,0.047,-0.002,0.0,0.0
25873,0.025,0.007,0.0,0.0
25877,0.02,0.004,0.0,0.0
25881,0.067,0.002,0.0,0.0
25885,0.01,0.001,0.0,0.0
25889,0.026,0.005,0.0,0.0
25893,0.022,0.002,0.0,0.0
25897,0.028,0.007,0.0,0.0
25901,0.068,0.001,0.0,0.0
25905,0.042,0.003,0.0,0.0
25909,0.029,0.002,0.0,0.0
25913,0.035,-0.005,0.0,0.0
25917,-0.002,0.004,0.0,0.0
25921,0.041,0.001,0.0,0.0
25925,0.031,0.002,0.0,0.0
25929,0.016,0.003,0.0,0.0
25933,0.048,0.003,0.0,0.0
25937,0.011,0.005,0.0,0.0
25941,0.009,0.004,0.0,0.0
25944,0.011,0.007,0.0,0.0
25948,0.064,0.007,0.0,0.0
25952,-0.016,0.002,0.0,0.0
25956,0.035,0.005,0.0,0.0
25960,0.037,-0.002,0.0,0.0
25964,0.028,0.004,0.0,0.0
25968,0.02,0.001,0.0,0.0
25972,0.027,0.003,0.0,0.0
25976,-0.002,0.006,0.0,0.0
25980,-0.008,0.007,0.0,0.0
25984,0.048,0.002,0.0,0.0
25988,-0.018,0.003,0.0,0.0
25992,0.02,0.008,0.0,0.0
25996,-0.008,0.002,0.0,0.0
26000,-0.014,0.01,0.0,0.0
26004,-0.023,0.003,0.0,0.0
26008,0.039,0.007,0.0,0.0
26012,0.052,0.004,0.0,0.0
26016,-0.056,0.001,0.0,0.0
26020,0.034,0.002,0.0,0.0
26024,0.004,0.004,0.0,0.0
26028,0.058,0.003,0.0,0.0
26032,0.004,0.002,0.0,0.0
26036,0.032,0.002,0.0,0.0
26040,0.018,0.002,0.0,0.0
26044,-0.011,0.004,0.0,0.0
26048,-0.032,0.004,0.0,0.0
26052,0.051,0.003,0.0,0.0
26056,0.023,0.01,0.0,0.0
26060,-0.009,0.004,0.0,0.0
26064,0.005,0.004,0.0,0.0
26068,-0.026,0.001,0.0,0.0
26072,0.038,0.005,0.0,0.0
26076,0.086,0.003,0.0,0.0
26080,0.041,0.003,0.0,0.0
26084,0.02,0.01,0.0,0.0
26088,0.053,0.005,0.0,0.0
26092,-0.005,0.009,0.0,0.0
26096,0.011,0.001,0.0,0.0
26100,0.005,0.006,0.0,0.0
26104,0.033,0.005,0.0,0.0
26108,0.094,0.005,0.0,0.0
26112,0.004,0.006,0.0,0.0
26116,0.018,0.002,0.0,0.0
26120,-0.038,0.006,0.0,0.0
26124,0.035,0.007,0.0,0.0
26128,0.018,0.001,0.0,0.0
26132,0.01,0.004,0.0,0.0
26136,-0.024,0.005,0.0,0.0
26140,0.09,0.002,0.0,0.0
26144,0.041,0.003,0.0,0.0
26148,0.012,0.005,0.0,0.0
26152,-0.004,0.005,0.0,0.0
26156,0.009,0.006,0.0,0.0
26160,-0.015,0.005,0.0,0.0
26164,0.03,0.004,0.0,0.0
26168,-0.027,0.006,0.0,0.0
26172,0.024,0.004,0.0,0.0
26175,0.058,0.003,0.0,0.0
26179,0.035,0.004,0.0,0.0
26184,-0.0,0.008,0.0,0.0
26187,-0.021,0.004,0.0,0.0
26191,-0.002,0.004,0.0,0.0
26195,-0.015,0.002,0.0,0.0
26199,-0.025,0.0,0.0,0.0
26203,-0.07,0.002,0.0,0.0
26207,-0.008,-0.005,0.0,0.0
26211,-0.025,0.005,0.0,0.0
26215,0.003,0.001,0.0,0.0
26219,-0.019,0.0,0.0,0.0
26223,-0.017,0.003,0.0,0.0
26227,-0.002,0.003,0.0,0.0
26231,0.044,0.002,0.0,0.0
26235,0.058,0.004,0.0,0.0
26239,0.031,0.01,0.0,0.0
26243,0.073,0.007,0.0,0.0
26247,0.028,0.004,0.0,0.0
26251,-0.002,0.004,0.0,0.0
26255,-0.033,0.003,0.0,0.0
26259,-0.026,0.005,0.0,0.0
26263,-0.002,0.007,0.0,0.0
26267,-0.01,0.0,0.0,0.0
26271,0.022,0.004,0.0,0.0
26275,0.06,0.012,0.0,0.0
26279,0.045,0.002,0.0,0.0
26283,0.014,0.002,0.0,0.0
26287,-0.02,0.002,0.0,0.0
26291,-0.026,0.004,0.0,0.0
26295,0.034,-0.001,0.0,0.0
26299,0.017,0.006,0.0,0.0
26303,-0.004,0.009999999999999998,0.0,0.0
26307,0.067,0.005,0.0,0.0
26311,0.035,0.006,0.0,0.0
26315,0.041,0.001,0.0,0.0
26319,0.005,0.003,0.0,0.0
26323,0.021,0.0,0.0,0.0
26327,-0.008,0.003,0.0,0.0
26331,0.033,0.001,0.0,0.0
26335,0.056,0.0,0.0,0.0
26339,-0.004,0.003,0.0,0.0
26343,0.006,0.006,0.0,0.0
26347,-0.004,0.01,0.0,0.0
26351,-0.017,0.003,0.0,0.0
26355,-0.011,0.004,0.0,0.0
26359,0.054,0.003,0.0,0.0
26363,0.042,0.001,0.0,0.0
26367,0.052,0.006,0.0,0.0
26371,0.002,0.004,0.0,0.0
26374,0.051,0.003,0.0,0.0
26378,0.072,0.004,0.0,0.0
26382,-0.023,0.007,0.0,0.0
26386,0.016,0.0,0.0,0.0
26390,0.01,0.004,0.0,0.0
26394,0.025,0.002,0.0,0.0
26398,-0.03,0.004,0.0,0.0
26402,0.01,0.003,0.0,0.0
26406,-0.042,0.0,0.0,0.0
26410,0.023,-0.002,0.0,0.0
26414,0.021,0.007,0.0,0.0
26418,-0.025,0.004,0.0,0.0
26422,0.018,0.005,0.0,0.0
26426,-0.005,0.005,0.0,0.0
26430,-0.015,-0.001,0.0,0.0
26434,0.012,-0.005,0.0,0.0
26438,-0.007,0.002,0.0,0.0
26442,-0.02,0.003,0.0,0.0
26446,0.039,0.005,0.0,0.0
26450,0.09,0.001,0.0,0.0
26454,0.048,-0.002,0.0,0.0
26458,0.002,0.005,0.0,0.0
26462,0.092,0.005,0.0,0.0
26466,0.01,0.004,0.0,0.0
26470,0.017,0.004,0.0,0.0
26474,0.077,0.008,0.0,0.0
26478,-0.001,0.004,0.0,0.0
26482,0.0,0.003,0.0,0.0
26486,0.033,0.0,0.0,0.0
26490,0.009,0.004,0.0,0.0
26494,0.016,0.002,0.0,0.0
26498,0.052,0.005,0.0,0.0
26502,0.069,0.0,0.0,0.0
26506,0.013,0.005,0.0,0.0
26510,0.029,0.007,0.0,0.0
26514,-0.003,0.007,0.0,0.0
26517,0.002,0.002,0.0,0.0
26521,0.014,-0.001,0.0,0.0
26525,0.019,0.001,0.0,0.0
26529,0.036,0.002,0.0,0.0
26533,0.045,0.003,0.0,0.0
26537,0.001,0.005,0.0,0.0
26541,-0.023,0.006,0.0,0.0
26545,0.046,0.005,0.0,0.0
26549,0.023,0.006,0.0,0.0
26553,0.016,0.005,0.0,0.0
26557,0.034,0.006,0.0,0.0
26561,0.032,0.004,0.0,0.0
26565,0.082,0.007,0.0,0.0
26569,0.019,0.009000000000000001,0.0,0.0
26573,0.01,0.004,0.0,0.0
26577,0.04,0.003,0.0,0.0
26581,0.017,0.01,0.0,0.0
26585,-0.037,0.01,0.0,0.0
26589,0.004,0.004,0.0,0.0
26593,0.005,0.007,0.0,0.0
26597,0.015,0.006,0.0,0.0
26601,0.052,0.008,0.0,0.0
26605,0.027,0.008,0.0,0.0
26609,0.046,0.005,0.0,0.0
26613,0.062,0.01,0.0,0.0
26617,0.061,0.002,0.0,0.0
26621,0.026,0.008,0.0,0.0
26625,-0.007,0.008,0.0,0.0
26629,-0.019,0.006,0.0,0.0
26633,0.005,0.004,0.0,0.0
26637,-0.017,0.007,0.0,0.0
26641,0.049,0.004,0.0,0.0
26645,0.031,0.011,0.0,0.0
26649,0.057,0.006,0.0,0.0
26653,-0.038,0.014,0.0,0.0
26657,0.012,0.002,0.0,0.0
26661,0.078,0.001,0.0,0.0
26665,-0.001,0.006,0.0,0.0
26669,-0.021,0.0,0.0,0.0
26673,0.022,-0.001,0.0,0.0
26677,0.059,0.005,0.0,0.0
26681,0.013,-0.002,0.0,0.0
26685,0.029,0.007,0.0,0.0
26689,0.012,0.002,0.0,0.0
26693,0.048,0.004,0.0,0.0
26697,0.068,0.001,0.0,0.0
26701,0.009,0.0,0.0,0.0
26705,-0.016,0.002,0.0,0.0
26709,-0.011,-0.007,0.0,0.0
26713,0.032,-0.002,0.0,0.0
26717,-0.055,0.007,0.0,0.0
26721,0.039,0.007,0.0,0.0
26725,-0.034,0.002,0.0,0.0
26729,0.036,0.005,0.0,0.0
26733,-0.0,0.002,0.0,0.0
26737,0.048,-0.003,0.0,0.0
26741,0.062,0.005,0.0,0.0
26745,0.037,0.001,0.0,0.0
26749,0.002,0.006,0.0,0.0
26753,-0.014,0.008,0.0,0.0
26757,0.005,-0.002,0.0,0.0
26761,0.011,0.005,0.0,0.0
26765,0.075,0.007,0.0,0.0
26769,0.076,-0.001,0.0,0.0
26773,0.007,0.004,0.0,0.0
26777,0.006,0.0,0.0,0.0
26781,-0.024,-0.002,0.0,0.0
26785,0.044,0.004,0.0,0.0
26789,0.032,0.007,0.0,0.0
26793,0.046,0.0,0.0,0.0
26797,0.019,0.0,0.0,0.0
26801,0.066,0.003,0.0,0.0
26805,0.073,0.001,0.0,0.0
26808,0.036,-0.001,0.0,0.0
26812,0.068,0.008,0.0,0.0
26816,0.041,0.004,0.0,0.0
26820,0.043,0.007,0.0,0.0
26824,-0.037,0.007,0.0,0.0
26828,0.015,0.004,0.0,0.0
26832,0.013,0.007,0.0,0.0
26836,0.022,0.004,0.0,0.0
26840,0.038,0.0,0.0,0.0
26844,-0.0,-0.002,0.0,0.0
26848,0.068,0.007,0.0,0.0
26852,-0.027,-0.001,0.0,0.0
26856,0.049,0.005,0.0,0.0
26860,0.043,0.004,0.0,0.0
26864,0.01,0.006,0.0,0.0
26868,0.019,0.001,0.0,0.0
26872,0.013,0.009000000000000001,0.0,0.0
26876,0.012,0.003,0.0,0.0
26880,0.032,0.005,0.0,0.0
26884,0.056,0.002,0.0,0.0
26888,0.072,0.005,0.0,0.0
26892,0.017,0.009000000000000001,0.0,0.0
26896,0.067,0.004,0.0,0.0
26900,0.093,0.004,0.0,0.0
26904,0.027,0.003,0.0,0.0
26908,0.021,0.004,0.0,0.0
26912,0.047,0.0,0.0,0.0
26916,0.045,0.011,0.0,0.0
26920,0.046,0.005,0.0,0.0
26924,-0.017,0.008,0.0,0.0
26928,0.001,0.007,0.0,0.0
26932,0.021,0.001,0.0,0.0
26936,0.05,0.003,0.0,0.0
26940,-0.013,0.001,0.0,0.0
26944,-0.032,0.0,0.0,0.0
26948,-0.012,0.001,0.0,0.0
26952,0.018,0.007,0.0,0.0
26956,0.022,0.004,0.0,0.0
26960,0.06,0.006,0.0,0.0
26964,0.004,0.0,0.0,0.0
26968,0.031,0.001,0.0,0.0
26972,0.033,0.003,0.0,0.0
26976,0.101,0.005,0.0,0.0
26980,0.042,0.005,0.0,0.0
26984,0.035,0.008,0.0,0.0
26988,0.007,0.007,0.0,0.0
26992,0.004,0.003,0.0,0.0
26996,-0.006,0.004,0.0,0.0
27000,0.03,0.005,0.0,0.0
27004,0.051,0.007,0.0,0.0
27008,0.052,0.009000000000000001,0.0,0.0
27012,0.012,0.006,0.0,0.0
27016,0.003,0.003,0.0,0.0
27020,0.039,0.007,0.0,0.0
27024,0.041,0.001,0.0,0.0
27028,0.009,0.005,0.0,0.0
27032,-0.03,0.002,0.0,0.0
27036,0.035,0.004,0.0,0.0
27040,-0.041,-0.003,0.0,0.0
27044,0.04,0.008,0.0,0.0
27048,0.094,0.004,0.0,0.0
27052,-0.014,0.007,0.0,0.0
27056,0.004,0.006,0.0,0.0
27060,0.086,0.005,0.0,0.0
27064,0.082,0.004,0.0,0.0
27068,0.038,0.01,0.0,0.0
27072,0.045,0.013000000000000001,0.0,0.0
27076,0.037,0.005,0.0,0.0
27080,-0.022,0.006,0.0,0.0
27084,0.072,0.008,0.0,0.0
27088,-0.013,0.005,0.0,0.0
27092,0.004,0.004,0.0,0.0
27096,-0.027,0.004,0.0,0.0
27100,0.004,0.009000000000000001,0.0,0.0
27104,0.04,0.002,0.0,0.0
27108,0.007,0.003,0.0,0.0
27112,0.036,0.003,0.0,0.0
27116,-0.033,0.001,0.0,0.0
27120,0.044,0.003,0.0,0.0
27124,-0.015,0.003,0.0,0.0
27128,0.063,0.001,0.0,0.0
27132,0.005,0.004,0.0,0.0
27136,-0.012,0.003,0.0,0.0
27140,0.055,0.002,0.0,0.0
27144,0.043,0.004,0.0,0.0
27147,-0.012,-0.002,0.0,0.0
27151,0.044,0.004,0.0,0.0
27155,-0.015,0.006,0.0,0.0
27159,0.016,-0.001,0.0,0.0
27163,-0.004,-0.001,0.0,0.0
27167,0.04,0.001,0.0,0.0
27171,0.0,0.009000000000000001,0.0,0.0
27175,-0.003,0.001,0.0,0.0
27179,0.019,-0.002,0.0,0.0
27183,-0.027,0.003,0.0,0.0
27187,0.025,0.003,0.0,0.0
27191,-0.016,0.001,0.0,0.0
27195,-0.024,0.007,0.0,0.0
27199,0.039,0.006,0.0,0.0
27203,0.031,0.004,0.0,0.0
27207,-0.015,0.009000000000000001,0.0,0.0
27211,0.056,0.003,0.0,0.0
27215,0.029,0.001,0.0,0.0
27219,-0.03,-0.002,0.0,0.0
27223,0.039,-0.001,0.0,0.0
27227,0.024,0.002,0.0,0.0
27231,0.021,0.004,0.0,0.0
27235,0.051,0.0,0.0,0.0
27239,0.044,0.003,0.0,0.0
27243,0.011,-0.002,0.0,0.0
27247,0.053,0.005,0.0,0.0
27251,-0.019,0.0,0.0,0.0
27255,0.032,0.001,0.0,0.0
27259,-0.015,0.006,0.0,0.0
27263,-0.017,0.003,0.0,0.0
27267,0.038,0.004,0.0,0.0
27271,0.022,0.002,0.0,0.0
27275,-0.006,0.005,0.0,0.0
27279,-0.016,0.005,0.0,0.0
27283,0.051,0.0,0.0,0.0
27287,-0.005,0.003,0.0,0.0
27291,0.018,0.005,0.0,0.0
27295,0.032,0.001,0.0,0.0
27299,-0.043,0.005,0.0,0.0
27303,0.07,0.004,0.0,0.0
27307,0.059,0.0,0.0,0.0
27311,0.0,0.001,0.0,0.0
27315,-0.04,0.008,0.0,0.0
27319,0.053,0.004,0.0,0.0
27323,0.017,0.001,0.0,0.0
27327,0.007,0.007,0.0,0.0
27331,-0.028,0.003,0.0,0.0
27335,0.065,0.004,0.0,0.0
27339,0.036,0.005,0.0,0.0
27343,0.086,0.002,0.0,0.0
27347,-0.0,0.005,0.0,0.0
27351,0.033,0.007,0.0,0.0
27355,-0.003,0.0,0.0,0.0
27359,0.003,0.004,0.0,0.0
27363,-0.004,0.002,0.0,0.0
27367,-0.03,0.002,0.0,0.0
27371,0.034,-0.001,0.0,0.0
27375,0.044,0.001,0.0,0.0
27379,0.002,0.001,0.0,0.0
27383,-0.021,0.004,0.0,0.0
27387,-0.003,0.0,0.0,0.0
27391,0.006,0.005,0.0,0.0
27395,-0.015,0.002,0.0,0.0
27399,0.008,0.001,0.0,0.0
27403,0.063,0.001,0.0,0.0
27406,0.041,0.004,0.0,0.0
27410,0.027,0.007,0.0,0.0
27414,-0.032,0.001,0.0,0.0
27418,0.021,0.0,0.0,0.0
27422,-0.014,0.007,0.0,0.0
27426,0.057,0.003,0.0,0.0
27430,-0.011,0.013000000000000001,0.0,0.0
27434,0.024,0.002,0.0,0.0
27438,0.025,0.003,0.0,0.0
27442,-0.019,0.006,0.0,0.0
27446,0.032,0.004,0.0,0.0
27450,0.104,0.008,0.0,0.0
27454,0.02,0.003,0.0,0.0
27458,-0.036,0.002,0.0,0.0
27462,0.044,0.005,0.0,0.0
27466,0.022,0.005,0.0,0.0
27470,0.033,-0.001,0.0,0.0
27474,0.043,0.003,0.0,0.0
27478,-0.036,-0.006,0.0,0.0
27482,0.03,0.001,0.0,0.0
27486,0.028,-0.003,0.0,0.0
27490,0.024,0.002,0.0,0.0
27494,0.014,0.003,0.0,0.0
27498,0.012,0.002,0.0,0.0
27502,0.023,0.002,0.0,0.0
27506,-0.017,0.001,0.0,0.0
27510,0.024,0.002,0.0,0.0
27514,0.003,0.004,0.0,0.0
27518,0.036,-0.003,0.0,0.0
27522,-0.029,0.003,0.0,0.0
27526,-0.062,0.003,0.0,0.0
27530,0.023,0.006,0.0,0.0
27534,0.003,0.001,0.0,0.0
27538,-0.001,0.007,0.0,0.0
27541,-0.035,0.01,0.0,0.0
27545,0.025,0.011,0.0,0.0
27549,-0.029,0.011,0.0,0.0
27554,0.025,0.006,0.0,0.0
27558,0.011,0.005,0.0,0.0
27562,0.048,0.004,0.0,0.0
27566,0.022,0.003,0.0,0.0
27570,0.06,0.003,0.0,0.0
27574,0.011,0.007,0.0,0.0
27578,-0.054,0.003,0.0,0.0
27582,0.068,0.003,0.0,0.0
27586,-0.046,0.007,0.0,0.0
27589,-0.006,0.001,0.0,0.0
27593,-0.004,0.001,0.0,0.0
27597,-0.039,0.003,0.0,0.0
27601,0.011,0.002,0.0,0.0
27605,0.024,0.004,0.0,0.0
27609,-0.041,0.007,0.0,0.0
27613,0.021,0.005,0.0,0.0
27617,0.001,0.001,0.0,0.0
27621,0.027,0.003,0.0,0.0
27625,0.011,0.007,0.0,0.0
27629,0.03,0.003,0.0,0.0
27633,0.002,0.007,0.0,0.0
27637,0.023,0.001,0.0,0.0
27641,0.041,0.004,0.0,0.0
27645,0.003,0.008,0.0,0.0
27649,-0.02,0.003,0.0,0.0
27653,-0.025,0.002,0.0,0.0
27657,0.042,0.007,0.0,0.0
27661,0.092,0.003,0.0,0.0
27665,-0.019,0.003,0.0,0.0
27669,0.052,0.014,0.0,0.0
27673,0.006,0.0,0.0,0.0
27677,-0.022,0.004,0.0,0.0
27681,-0.029,0.007,0.0,0.0
27685,0.009,0.004,0.0,0.0
27689,0.075,0.007,0.0,0.0
27693,-0.01,0.001,0.0,0.0
27697,0.062,-0.001,0.0,0.0
27701,0.031,0.004,0.0,0.0
27705,-0.008,0.001,0.0,0.0
27709,-0.001,-0.001,0.0,0.0
27713,0.0,-0.004,0.0,0.0
27717,0.003,0.004,0.0,0.0
27721,0.087,0.001,0.0,0.0
27725,0.033,0.004,0.0,0.0
27729,0.042,-0.005,0.0,0.0
27733,-0.054,0.002,0.0,0.0
27737,0.05,0.005,0.0,0.0
27741,0.007,0.005,0.0,0.0
27745,0.096,0.005,0.0,0.0
27749,0.035,-0.001,0.0,0.0
27753,0.001,0.004,0.0,0.0
27757,-0.087,0.001,0.0,0.0
27761,0.06,0.002,0.0,0.0
27765,0.043,0.002,0.0,0.0
27769,-0.023,0.002,0.0,0.0
27773,-0.005,0.004,0.0,0.0
27777,-0.034,0.005,0.0,0.0
27781,0.006,0.008,0.0,0.0
27785,-0.027,0.0,0.0,0.0
27789,0.024,0.004,0.0,0.0
27793,-0.005,0.003,0.0,0.0
27797,0.052,0.009000000000000001,0.0,0.0
27801,0.021,0.001,0.0,0.0
27805,0.016,0.003,0.0,0.0
27809,0.0,0.003,0.0,0.0
27813,-0.014,0.006,0.0,0.0
27817,0.011,-0.001,0.0,0.0
27820,0.061,-0.001,0.0,0.0
27824,0.014,0.0,0.0,0.0
27828,-0.005,0.002,0.0,0.0
27832,0.039,0.007,0.0,0.0
27836,-0.029,0.007,0.0,0.0
27840,0.002,0.003,0.0,0.0
27844,0.035,0.005,0.0,0.0
27848,0.04,0.005,0.0,0.0
27852,0.035,0.002,0.0,0.0
27856,0.042,-0.001,0.0,0.0
27860,-0.032,-0.001,0.0,0.0
27864,-0.007,-0.002,0.0,0.0
27868,0.002,0.005,0.0,0.0
27872,0.014,0.003,0.0,0.0
27876,-0.007,0.004,0.0,0.0
27880,-0.019,0.0,0.0,0.0
27884,-0.056,0.006,0.0,0.0
27888,-0.0,0.004,0.0,0.0
27892,0.038,0.005,0.0,0.0
27896,-0.009,0.002,0.0,0.0
27900,0.011,0.002,0.0,0.0
27904,0.026,0.001,0.0,0.0
27908,-0.007,0.004,0.0,0.0
27912,0.033,0.002,0.0,0.0
27916,0.048,0.003,0.0,0.0
27920,0.074,0.002,0.0,0.0
27924,0.05,0.009000000000000001,0.0,0.0
27928,-0.017,0.004,0.0,0.0
27932,0.047,-0.002,0.0,0.0
27936,-0.014,0.006,0.0,0.0
27940,0.019,0.005,0.0,0.0
27944,-0.002,-0.001,0.0,0.0
27948,0.056,0.004,0.0,0.0
27952,-0.011,0.007,0.0,0.0
27956,0.053,0.006,0.0,0.0
27960,0.026,0.005,0.0,0.0
27964,0.012,0.003,0.0,0.0
27968,0.002,0.001,0.0,0.0
27972,-0.012,0.008,0.0,0.0
27976,0.048,0.001,0.0,0.0
27980,0.011,-0.001,0.0,0.0
27984,-0.002,0.003,0.0,0.0
27988,-0.001,-0.003,0.0,0.0
27992,-0.011,0.003,0.0,0.0
27996,0.055,0.001,0.0,0.0
28000,0.046,0.005,0.0,0.0
28004,0.007,-0.003,0.0,0.0
28008,0.02,0.006,0.0,0.0
28012,0.004,0.007,0.0,0.0
28016,0.014,0.007,0.0,0.0
28020,-0.05,0.002,0.0,0.0
28024,0.006,0.005,0.0,0.0
28028,-0.039,0.002,0.0,0.0
28032,-0.025,0.003,0.0,0.0
28036,0.019,0.005,0.0,0.0
28040,0.052,0.001,0.0,0.0
28044,0.011,0.002,0.0,0.0
28048,0.001,0.003,0.0,0.0
28052,0.01,0.006,0.0,0.0
28056,0.068,0.002,0.0,0.0
28060,0.033,0.008,0.0,0.0
28064,0.021,0.004,0.0,0.0
28068,-0.015,0.008,0.0,0.0
28072,0.036,0.003,0.0,0.0
28076,-0.001,0.001,0.0,0.0
28080,-0.011,0.008,0.0,0.0
28084,0.018,0.003,0.0,0.0
28088,-0.005,0.001,0.0,0.0
28092,-0.034,0.004,0.0,0.0
28096,-0.005,0.01,0.0,0.0
28100,0.025,0.006,0.0,0.0
28104,0.006,0.006,0.0,0.0
28108,0.009,0.007,0.0,0.0
28112,-0.041,0.005,0.0,0.0
28116,0.063,0.008,0.0,0.0
28120,0.007,0.005,0.0,0.0
28124,0.008,0.01,0.0,0.0
28128,-0.052,0.006,0.0,0.0
28132,0.019,0.007,0.0,0.0
28136,0.046,0.0,0.0,0.0
28140,0.039,0.003,0.0,0.0
28144,0.014,0.01,0.0,0.0
28148,-0.029,0.004,0.0,0.0
28152,0.013,0.008,0.0,0.0
28156,0.049,0.004,0.0,0.0
28160,-0.016,0.005,0.0,0.0
28164,0.048,0.003,0.0,0.0
28168,0.024,0.002,0.0,0.0
28172,0.04,0.0,0.0,0.0
28176,0.013,0.0,0.0,0.0
28180,0.053,0.003,0.0,0.0
28184,-0.019,0.002,0.0,0.0
28188,0.058,0.001,0.0,0.0
28192,0.029,-0.002,0.0,0.0
28196,0.033,0.0,0.0,0.0
28200,-0.024,0.01,0.0,0.0
28204,0.035,-0.002,0.0,0.0
28208,0.009,0.005,0.0,0.0
28212,0.029,-0.001,0.0,0.0
28216,0.028,0.005,0.0,0.0
28220,-0.007,0.003,0.0,0.0
28224,0.008,0.002,0.0,0.0
28228,-0.014,0.004,0.0,0.0
28232,-0.032,0.009000000000000001,0.0,0.0
28236,0.006,0.0,0.0,0.0
28240,-0.048,0.001,0.0,0.0
28244,0.003,0.004,0.0,0.0
28248,0.042,0.008,0.0,0.0
28252,0.012,0.008,0.0,0.0
28256,0.053,0.006,0.0,0.0
28259,-0.011,0.002,0.0,0.0
28263,0.052,-0.005,0.0,0.0
28267,0.021,0.004,0.0,0.0
28271,-0.003,0.006,0.0,0.0
28275,0.044,0.001,0.0,0.0
28279,0.031,0.004,0.0,0.0
28283,-0.003,-0.003,0.0,0.0
28287,0.039,0.003,0.0,0.0
28291,0.014,0.001,0.0,0.0
28295,0.059,0.002,0.0,0.0
28299,0.032,0.004,0.0,0.0
28303,-0.019,0.003,0.0,0.0
28307,0.042,0.005,0.0,0.0
28311,0.014,0.003,0.0,0.0
28315,-0.061,0.003,0.0,0.0
28319,0.098,0.001,0.0,0.0
28323,0.029,0.007,0.0,0.0
28327,0.032,0.004,0.0,0.0
28331,0.076,0.003,0.0,0.0
28335,0.017,-0.005,0.0,0.0
28339,-0.017,0.005,0.0,0.0
28343,0.052,-0.001,0.0,0.0
28347,0.019,0.002,0.0,0.0
28351,0.007,0.007,0.0,0.0
28355,0.048,0.002,0.0,0.0
28359,0.04,0.002,0.0,0.0
28363,0.07,0.006,0.0,0.0
28367,0.01,0.006,0.0,0.0
28371,0.055,0.011,0.0,0.0
28375,0.093,0.003,0.0,0.0
28379,0.034,0.008,0.0,0.0
28383,0.005,0.008,0.0,0.0
28387,0.019,0.006,0.0,0.0
28391,0.03,0.002,0.0,0.0
28395,0.012,0.007,0.0,0.0
28399,0.045,0.005,0.0,0.0
28403,0.002,0.003,0.0,0.0
28407,0.031,0.001,0.0,0.0
28411,0.039,0.002,0.0,0.0
28415,-0.021,0.004,0.0,0.0
28419,-0.002,0.0,0.0,0.0
28423,0.028,0.001,0.0,0.0
28427,-0.046,0.002,0.0,0.0
28431,0.002,0.011,0.0,0.0
28435,0.03,0.008,0.0,0.0
28439,0.014,0.006,0.0,0.0
28443,0.041,0.007,0.0,0.0
28447,-0.04,-0.003,0.0,0.0
28450,0.033,0.004,0.0,0.0
28454,0.035,0.006,0.0,0.0
28458,0.038,0.002,0.0,0.0
28462,-0.01,0.007,0.0,0.0
28466,0.001,0.006,0.0,0.0
28470,-0.035,0.004,0.0,0.0
28474,-0.053,0.002,0.0,0.0
28478,0.037,0.008,0.0,0.0
28482,-0.009,0.003,0.0,0.0
28486,-0.014,0.002,0.0,0.0
28490,0.026,0.005,0.0,0.0
28494,0.037,0.002,0.0,0.0
28498,0.07,0.004,0.0,0.0
28502,-0.004,0.007,0.0,0.0
28506,0.048,0.005,0.0,0.0
28510,0.003,0.002,0.0,0.0
28514,0.031,0.006,0.0,0.0
28518,0.017,-0.002,0.0,0.0
28522,-0.004,0.007,0.0,0.0
28526,0.014,0.003,0.0,0.0
28530,-0.056,0.002,0.0,0.0
28534,0.006,0.006,0.0,0.0
28538,0.041,0.006,0.0,0.0
28542,0.03,0.003,0.0,0.0
28546,0.013,0.003,0.0,0.0
28550,0.016,0.005,0.0,0.0
28554,0.045,0.003,0.0,0.0
28558,-0.005,0.002,0.0,0.0
28562,0.037,0.001,0.0,0.0
28566,0.008,0.002,0.0,0.0
28570,-0.074,0.006,0.0,0.0
28574,-0.05,0.0,0.0,0.0
28578,0.043,0.001,0.0,0.0
28582,-0.037,0.008,0.0,0.0
28586,0.036,0.004,0.0,0.0
28590,-0.0,0.009000000000000001,0.0,0.0
28594,0.039,0.004,0.0,0.0
28598,-0.082,0.007,0.0,0.0
28602,-0.088,0.004,0.0,0.0
28606,0.012,0.004,0.0,0.0
28610,-0.04,0.01,0.0,0.0
28614,-0.005,0.006,0.0,0.0
28618,-0.027,0.009000000000000001,0.0,0.0
28622,0.067,0.004,0.0,0.0
28626,0.003,0.01,0.0,0.0
28630,0.058,0.006,0.0,0.0
28634,0.04,0.011,0.0,0.0
28638,0.029,0.005,0.0,0.0
28642,-0.003,0.009000000000000001,0.0,0.0
28646,0.005,0.006,0.0,0.0
28650,-0.005,0.004,0.0,0.0
28654,-0.062,0.008,0.0,0.0
28658,-0.004,0.011,0.0,0.0
28662,0.02,0.003,0.0,0.0
28666,0.041,0.009999999999999998,0.0,0.0
28670,-0.003,0.005,0.0,0.0
28674,0.085,0.003,0.0,0.0
28678,0.09,0.009000000000000001,0.0,0.0
28682,0.006,0.002,0.0,0.0
28686,-0.005,0.004,0.0,0.0
28690,-0.007,0.005,0.0,0.0
28694,0.029,0.005,0.0,0.0
28698,0.004,0.005,0.0,0.0
28702,0.015,0.001,0.0,0.0
28706,-0.046,0.003,0.0,0.0
28710,0.016,0.007,0.0,0.0
28714,0.045,0.008,0.0,0.0
28718,-0.007,0.006,0.0,0.0
28722,-0.028,0.004,0.0,0.0
28726,-0.01,0.008,0.0,0.0
28730,-0.046,0.006,0.0,0.0
28734,0.009,0.006,0.0,0.0
28738,0.017,0.001,0.0,0.0
28742,0.032,0.007,0.0,0.0
28746,-0.01,0.003,0.0,0.0
28750,0.003,0.008,0.0,0.0
28754,-0.0,0.005,0.0,0.0
28758,-0.006,0.006,0.0,0.0
28762,0.013,0.006,0.0,0.0
28766,0.055,0.002,0.0,0.0
28770,0.014,0.01,0.0,0.0
28774,0.001,0.013000000000000001,0.0,0.0
28778,0.048,0.01,0.0,0.0
28782,0.054,0.008,0.0,0.0
28786,0.041,0.008,0.0,0.0
28790,-0.019,0.008,0.0,0.0
28794,0.01,0.008,0.0,0.0
28798,0.01,0.007,0.0,0.0
28802,0.047,0.003,0.0,0.0
28806,0.012,0.007,0.0,0.0
28810,-0.007,0.011,0.0,0.0
28814,0.056,0.008,0.0,0.0
28818,0.044,0.002,0.0,0.0
28822,0.01,0.007,0.0,0.0
28826,0.041,0.006,0.0,0.0
28830,0.056,0.004,0.0,0.0
28834,-0.007,0.008,0.0,0.0
28838,0.033,0.005,0.0,0.0
28842,0.028,0.009000000000000001,0.0,0.0
28846,0.095,0.008,0.0,0.0
28850,-0.021,0.003,0.0,0.0
28854,0.024,0.014,0.0,0.0
28858,0.001,0.006,0.0,0.0
28862,0.062,0.004,0.0,0.0
28866,0.075,0.002,0.0,0.0
28870,0.019,0.005,0.0,0.0
28874,0.041,0.003,0.0,0.0
28878,0.051,0.003,0.0,0.0
28882,0.063,0.007,0.0,0.0
28886,0.031,0.005,0.0,0.0
28890,0.031,0.008,0.0,0.0
28894,-0.036,0.008,0.0,0.0
28898,0.019,0.007,0.0,0.0
28902,0.111,0.012,0.0,0.0
28906,0.009,0.007,0.0,0.0
28910,0.066,0.001,0.0,0.0
28914,0.012,0.011,0.0,0.0
28918,0.031,0.004,0.0,0.0
28922,-0.052,0.006,0.0,0.0
28926,-0.035,0.001,0.0,0.0
28930,-0.032,0.01,0.0,0.0
28934,-0.007,0.001,0.0,0.0
28938,-0.003,0.006,0.0,0.0
28942,0.02,0.003,0.0,0.0
28946,-0.002,0.002,0.0,0.0
28950,-0.027,0.013000000000000001,0.0,0.0
28954,-0.013,0.008,0.0,0.0
28958,-0.006,0.007,0.0,0.0
28962,0.0,0.004,0.0,0.0
28966,-0.048,0.004,0.0,0.0
28970,0.019,0.007,0.0,0.0
28974,-0.002,0.005,0.0,0.0
28978,-0.03,0.004,0.0,0.0
28982,0.04,0.006,0.0,0.0
28986,0.051,0.005,0.0,0.0
28990,-0.012,0.004,0.0,0.0
28994,0.069,0.008,0.0,0.0
28998,0.074,0.003,0.0,0.0
29002,0.074,0.005,0.0,0.0
29006,0.013,0.005,0.0,0.0
29010,0.041,0.006,0.0,0.0
29014,0.011,0.008,0.0,0.0
29018,0.009,0.008,0.0,0.0
29022,-0.002,0.007,0.0,0.0
29026,-0.005,0.007,0.0,0.0
29030,0.026,0.003,0.0,0.0
29034,0.035,0.002,0.0,0.0
29038,0.017,0.004,0.0,0.0
29042,0.041,0.005,0.0,0.0
29046,0.038,0.005,0.0,0.0
29050,0.003,0.008,0.0,0.0
29054,0.027,0.005,0.0,0.0
29058,0.045,0.004,0.0,0.0
29062,0.01,0.004,0.0,0.0
29066,-0.026,0.003,0.0,0.0
29070,0.068,0.005,0.0,0.0
29074,0.027,0.004,0.0,0.0
29078,0.014,0.01,0.0,0.0
29082,0.013,0.007,0.0,0.0
29086,-0.014,0.003,0.0,0.0
29090,0.026,0.006,0.0,0.0
29094,0.038,0.007,0.0,0.0
29098,0.097,0.006,0.0,0.0
29102,0.037,0.007,0.0,0.0
29106,0.061,0.002,0.0,0.0
29110,0.085,0.004,0.0,0.0
29114,0.016,0.0,0.0,0.0
29118,-0.032,0.007,0.0,0.0
29122,0.028,0.003,0.0,0.0
29126,-0.012,0.001,0.0,0.0
29130,0.003,0.001,0.0,0.0
29134,0.036,0.002,0.0,0.0
29138,0.034,0.008,0.0,0.0
29142,0.011,0.003,0.0,0.0
29146,0.017,0.007,0.0,0.0
29150,-0.059,0.008,0.0,0.0
29154,-0.013,0.003,0.0,0.0
29158,0.002,0.005,0.0,0.0
29162,-0.037,0.007,0.0,0.0
29166,0.002,0.0,0.0,0.0
29170,0.076,0.001,0.0,0.0
29174,0.051,0.006,0.0,0.0
29178,0.013,0.006,0.0,0.0
29182,0.057,0.001,0.0,0.0
29186,0.051,0.004,0.0,0.0
29190,-0.001,0.0,0.0,0.0
29194,0.06,0.002,0.0,0.0
29198,0.052,0.005,0.0,0.0
29202,0.009,0.007,0.0,0.0
29206,0.059,0.007,0.0,0.0
29209,0.037,0.005,0.0,0.0
29213,0.043,0.003,0.0,0.0
29217,0.034,0.005,0.0,0.0
29221,0.029,0.004,0.0,0.0
29225,-0.063,0.003,0.0,0.0
29229,0.047,0.005,0.0,0.0
29233,-0.028,0.004,0.0,0.0
29237,0.116,0.005,0.0,0.0
29241,-0.015,0.006,0.0,0.0
29245,0.044,0.003,0.0,0.0
29249,0.012,0.002,0.0,0.0
29253,0.054,0.0,0.0,0.0
29257,0.071,-0.004,0.0,0.0
29261,0.009,0.001,0.0,0.0
29265,0.009,0.002,0.0,0.0
29269,0.006,0.004,0.0,0.0
29273,0.05,0.005,0.0,0.0
29277,0.04,0.005,0.0,0.0
29281,0.05,0.002,0.0,0.0
29285,0.051,0.002,0.0,0.0
29289,0.041,0.001,0.0,0.0
29293,0.019,-0.004,0.0,0.0
29297,0.039,0.0,0.0,0.0
29301,-0.01,0.005,0.0,0.0
29305,0.066,-0.001,0.0,0.0
29309,0.083,0.009000000000000001,0.0,0.0
29313,0.014,0.005,0.0,0.0
29317,0.022,0.004,0.0,0.0
29321,0.085,0.003,0.0,0.0
29325,0.013,0.001,0.0,0.0
29329,-0.007,0.004,0.0,0.0
29332,0.026,0.0,0.0,0.0
29336,0.003,0.001,0.0,0.0
29340,0.037,0.002,0.0,0.0
29344,0.048,0.006,0.0,0.0
29348,0.07,0.005,0.0,0.0
29352,0.005,0.001,0.0,0.0
29356,0.035,0.002,0.0,0.0
29360,0.042,0.001,0.0,0.0
29364,-0.007,-0.001,0.0,0.0
29368,0.001,0.006,0.0,0.0
29372,-0.023,0.006,0.0,0.0
29376,0.003,0.005,0.0,0.0
29380,0.048,0.005,0.0,0.0
29384,0.063,0.006,0.0,0.0
29388,0.004,0.003,0.0,0.0
29392,0.052,0.003,0.0,0.0
29396,0.059,0.006,0.0,0.0
29400,0.05,0.001,0.0,0.0
29404,0.006,0.003,0.0,0.0
29408,0.027,0.006,0.0,0.0
29412,0.045,0.003,0.0,0.0
29416,-0.001,0.004,0.0,0.0
29420,0.029,0.009000000000000001,0.0,0.0
29424,0.016,-0.003,0.0,0.0
29428,0.039,0.005,0.0,0.0
29432,0.021,0.002,0.0,0.0
29436,0.044,0.003,0.0,0.0
29440,0.031,0.001,0.0,0.0
29444,0.005,0.004,0.0,0.0
29448,-0.016,0.004,0.0,0.0
29451,0.006,0.001,0.0,0.0
29455,0.054,0.004,0.0,0.0
29459,0.008,0.002,0.0,0.0
29463,-0.014,0.005,0.0,0.0
29467,-0.001,0.002,0.0,0.0
29471,-0.019,0.0,0.0,0.0
29475,0.045,0.002,0.0,0.0
29479,-0.03,-0.001,0.0,0.0
29483,0.008,-0.002,0.0,0.0
29487,0.069,-0.001,0.0,0.0
29491,0.007,-0.002,0.0,0.0
29495,-0.039,0.003,0.0,0.0
29499,-0.024,0.004,0.0,0.0
29503,0.002,-0.001,0.0,0.0
29507,0.011,0.004,0.0,0.0
29511,-0.028,0.0,0.0,0.0
29515,-0.022,0.006,0.0,0.0
29519,0.011,0.004,0.0,0.0
29523,0.046,0.01,0.0,0.0
29527,0.088,0.001,0.0,0.0
29531,0.041,0.004,0.0,0.0
29535,0.07,0.002,0.0,0.0
29539,0.053,0.003,0.0,0.0
29543,-0.02,0.005,0.0,0.0
29547,0.026,0.003,0.0,0.0
29551,0.06,0.005,0.0,0.0
29555,-0.001,0.002,0.0,0.0
29559,0.009,0.002,0.0,0.0
29563,0.024,0.003,0.0,0.0
29567,-0.008,0.002,0.0,0.0
29571,0.009,0.005,0.0,0.0
29575,0.013,0.001,0.0,0.0
29579,0.044,-0.001,0.0,0.0
29583,0.003,0.002,0.0,0.0
29587,0.033,0.002,0.0,0.0
29591,0.005,0.002,0.0,0.0
29595,0.034,0.005,0.0,0.0
29599,0.005,0.007,0.0,0.0
29602,0.016,0.001,0.0,0.0
29606,-0.027,-0.002,0.0,0.0
29610,0.071,0.002,0.0,0.0
29614,0.002,0.003,0.0,0.0
29618,0.023,0.003,0.0,0.0
29622,-0.003,0.0,0.0,0.0
29626,0.015,0.001,0.0,0.0
29630,-0.02,0.003,0.0,0.0
29634,0.04,-0.004,0.0,0.0
29638,-0.001,0.001,0.0,0.0
29642,0.014,0.001,0.0,0.0
29646,0.014,0.001,0.0,0.0
29650,0.009,0.002,0.0,0.0
29654,0.04,0.002,0.0,0.0
29658,0.035,0.001,0.0,0.0
29662,0.053,-0.001,0.0,0.0
29666,0.01,0.003,0.0,0.0
29670,0.025,0.0,0.0,0.0
29674,0.006,0.0,0.0,0.0
29678,-0.011,-0.001,0.0,0.0
29682,0.04,0.004,0.0,0.0
29686,0.018,-0.004,0.0,0.0
29690,-0.008,0.005,0.0,0.0
29694,0.083,0.001,0.0,0.0
29698,-0.035,0.006,0.0,0.0
29702,-0.008,0.002,0.0,0.0
29706,-0.049,0.003,0.0,0.0
29710,-0.01,0.003,0.0,0.0
29714,0.054,0.005,0.0,0.0
29718,0.007,-0.001,0.0,0.0
29722,0.018,0.001,0.0,0.0
29726,0.033,0.006,0.0,0.0
29730,0.088,0.001,0.0,0.0
29734,0.008,0.002,0.0,0.0
29738,0.02,0.004,0.0,0.0
29742,-0.021,0.002,0.0,0.0
29746,0.043,-0.001,0.0,0.0
29749,-0.0,0.004,0.0,0.0
29753,-0.058,0.004,0.0,0.0
29757,0.051,0.001,0.0,0.0
29761,-0.016,0.002,0.0,0.0
29765,0.066,-0.003,0.0,0.0
29769,-0.009,0.0,0.0,0.0
29773,0.009,0.004,0.0,0.0
29777,0.027,0.009000000000000001,0.0,0.0
29781,0.044,0.002,0.0,0.0
29785,0.072,0.009000000000000001,0.0,0.0
29789,-0.003,0.005,0.0,0.0
29793,-0.038,0.003,0.0,0.0
29797,0.054,0.008,0.0,0.0
29801,0.004,0.011,0.0,0.0
29805,0.063,0.004,0.0,0.0
29809,-0.008,0.004,0.0,0.0
29813,-0.013,0.008,0.0,0.0
29817,0.054,0.001,0.0,0.0
29821,0.113,0.001,0.0,0.0
29825,-0.0,0.004,0.0,0.0
29829,0.033,-0.001,0.0,0.0
29833,0.003,0.006,0.0,0.0
29837,0.028,-0.002,0.0,0.0
29841,0.004,0.0,0.0,0.0
29845,0.006,0.001,0.0,0.0
29849,0.033,-0.004,0.0,0.0
29853,0.069,-0.002,0.0,0.0
29857,0.002,-0.001,0.0,0.0
29861,-0.026,-0.002,0.0,0.0
29865,0.072,-0.004,0.0,0.0
29869,-0.017,-0.001,0.0,0.0
29873,0.002,-0.002,0.0,0.0
29877,0.028,0.003,0.0,0.0
29881,0.047,0.001,0.0,0.0
29885,-0.011,0.01,0.0,0.0
29889,-0.017,0.006,0.0,0.0
29892,-0.033,0.002,0.0,0.0
29896,-0.033,0.001,0.0,0.0
29900,0.017,0.003,0.0,0.0
29904,-0.017,0.001,0.0,0.0
29908,0.027,0.003,0.0,0.0
29912,0.018,0.004,0.0,0.0
29916,-0.04,0.003,0.0,0.0
29920,0.032,0.003,0.0,0.0
29924,0.007,0.0,0.0,0.0
29928,0.024,0.001,0.0,0.0
29932,0.015,0.004,0.0,0.0
29936,-0.012,0.004,0.0,0.0
29940,-0.004,0.003,0.0,0.0
29944,0.035,0.001,0.0,0.0
29948,0.008,-0.001,0.0,0.0
29952,-0.013,0.0,0.0,0.0
29956,-0.019,0.0,0.0,0.0
29960,0.004,0.003,0.0,0.0
29964,-0.046,0.006,0.0,0.0
29968,0.052,-0.001,0.0,0.0
29972,0.035,0.003,0.0,0.0
29976,0.012,0.002,0.0,0.0
29980,0.029,0.003,0.0,0.0
29984,0.035,-0.001,0.0,0.0
29988,-0.0,0.0,0.0,0.0
29992,0.004,-0.004,0.0,0.0
29996,0.025,-0.002,0.0,0.0
30000,0.044,0.001,0.0,0.0
30004,0.057,0.006,0.0,0.0
30008,-0.049,0.001,0.0,0.0
30012,0.069,-0.001,0.0,0.0
30016,0.07,0.005,0.0,0.0
30020,0.075,-0.004,0.0,0.0
30024,0.057,0.0,0.0,0.0
30028,-0.08,0.005,0.0,0.0
30032,0.012,0.003,0.0,0.0
30036,-0.002,0.003,0.0,0.0
30040,-0.045,0.006,0.0,0.0
30044,-0.021,0.002,0.0,0.0
30048,0.018,0.007,0.0,0.0
30052,-0.033,0.004,0.0,0.0
30056,0.011,0.003,0.0,0.0
30060,0.023,0.006,0.0,0.0
30064,0.014,0.002,0.0,0.0
30068,0.024,0.0,0.0,0.0
30072,0.027,0.002,0.0,0.0
30076,0.011,0.0,0.0,0.0
30080,0.025,-0.002,0.0,0.0
30084,0.002,0.0,0.0,0.0
30088,0.011,-0.002,0.0,0.0
30092,0.034,0.002,0.0,0.0
30096,-0.016,0.005,0.0,0.0
30100,0.029,-0.001,0.0,0.0
30104,-0.013,0.004,0.0,0.0
30108,0.002,0.004,0.0,0.0
30112,-0.047,0.005,0.0,0.0
30116,0.031,0.003,0.0,0.0
30120,-0.012,0.0,0.0,0.0
30124,0.014,-0.007,0.0,0.0
30128,0.099,0.003,0.0,0.0
30132,-0.002,0.001,0.0,0.0
30136,0.006,-0.001,0.0,0.0
30140,0.083,0.008,0.0,0.0
30144,-0.014,0.006,0.0,0.0
30148,-0.018,0.001,0.0,0.0
30152,-0.019,0.001,0.0,0.0
30156,0.009,0.006,0.0,0.0
30160,0.028,0.006,0.0,0.0
30164,0.03,0.005,0.0,0.0
30168,0.017,-0.001,0.0,0.0
30172,0.02,0.003,0.0,0.0
30176,0.029,0.004,0.0,0.0
30180,0.034,0.003,0.0,0.0
30184,0.047,-0.001,0.0,0.0
30188,0.013,0.006,0.0,0.0
30192,-0.001,-0.003,0.0,0.0
30196,-0.013,0.005,0.0,0.0
30200,-0.034,0.004,0.0,0.0
30204,0.013,0.006,0.0,0.0
30208,-0.048,0.0,0.0,0.0
30212,-0.007,-0.001,0.0,0.0
30216,0.021,0.002,0.0,0.0
30220,0.049,0.008,0.0,0.0
30224,0.001,0.006,0.0,0.0
30228,0.019,0.003,0.0,0.0
30232,0.013,0.009000000000000001,0.0,0.0
30236,-0.03,0.003,0.0,0.0
30240,0.023,0.0,0.0,0.0
30244,0.078,0.001,0.0,0.0
30248,0.071,0.0,0.0,0.0
30252,0.063,0.002,0.0,0.0
30256,-0.016,0.003,0.0,0.0
30260,-0.006,0.0,0.0,0.0
30264,0.036,0.002,0.0,0.0
30268,0.022,0.007,0.0,0.0
30272,0.026,0.006,0.0,0.0
30276,0.052,0.005,0.0,0.0
30280,0.053,0.001,0.0,0.0
30284,-0.043,0.0,0.0,0.0
30288,0.0,0.003,0.0,0.0
30292,-0.001,0.002,0.0,0.0
30296,0.002,0.002,0.0,0.0
30300,0.039,0.006,0.0,0.0
30304,0.008,-0.001,0.0,0.0
30308,0.025,0.001,0.0,0.0
30312,0.088,0.006,0.0,0.0
30316,0.029,0.008,0.0,0.0
30320,-0.023,0.004,0.0,0.0
30324,0.078,0.006,0.0,0.0
30328,0.039,0.003,0.0,0.0
30332,0.014,0.007,0.0,0.0
30336,0.045,0.003,0.0,0.0
30340,-0.049,0.006,0.0,0.0
30344,0.041,0.008,0.0,0.0
30348,0.026,0.004,0.0,0.0
30352,0.026,0.001,0.0,0.0
30356,0.037,0.001,0.0,0.0
30360,-0.003,-0.002,0.0,0.0
30364,0.008,-0.002,0.0,0.0
30368,0.018,0.003,0.0,0.0
30372,0.012,0.005,0.0,0.0
30376,0.044,0.008,0.0,0.0
30380,0.002,0.002,0.0,0.0
30384,0.042,0.004,0.0,0.0
30388,0.07,0.002,0.0,0.0
30392,0.09,0.0,0.0,0.0
30396,0.075,0.0,0.0,0.0
30400,0.102,-0.002,0.0,0.0
30404,0.075,0.005,0.0,0.0
30408,0.077,-0.0,0.0,0.0
30412,0.016,0.003,0.0,0.0
30416,0.049,0.005,0.0,0.0
30420,0.081,0.002,0.0,0.0
30424,-0.012,0.001,0.0,0.0
30428,0.013,0.0,0.0,0.0
30432,0.049,0.005,0.0,0.0
30436,-0.005,0.004,0.0,0.0
30440,0.056,0.0,0.0,0.0
30444,0.055,0.003,0.0,0.0
30448,0.042,0.004,0.0,0.0
30452,0.107,0.0,0.0,0.0
30456,0.006,0.005,0.0,0.0
30460,-0.001,-0.003,0.0,0.0
30464,0.005,0.0,0.0,0.0
30468,0.051,0.006,0.0,0.0
30472,0.062,0.001,0.0,0.0
30476,-0.023,0.012,0.0,0.0
30480,0.042,0.006,0.0,0.0
30484,0.002,0.001,0.0,0.0
30488,-0.014,0.005,0.0,0.0
30492,0.004,0.0,0.0,0.0
30496,0.032,-0.001,0.0,0.0
30500,0.043,0.002,0.0,0.0
30504,0.019,-0.001,0.0,0.0
30508,-0.02,-0.005,0.0,0.0
30512,0.044,0.0,0.0,0.0
30516,-0.048,0.0,0.0,0.0
30520,-0.006,-0.003,0.0,0.0
30524,-0.02,0.003,0.0,0.0
30528,-0.013,0.0,0.0,0.0
30532,0.041,0.003,0.0,0.0
30536,0.027,0.007,0.0,0.0
30540,0.041,0.005,0.0,0.0
30544,0.009,0.002,0.0,0.0
30548,-0.019,0.007,0.0,0.0
30552,0.001,-0.001,0.0,0.0
30556,0.032,0.008,0.0,0.0
30560,0.009,0.004,0.0,0.0
30564,-0.015,0.006,0.0,0.0
30568,0.026,0.004,0.0,0.0
30572,0.04,0.009999999999999998,0.0,0.0
30576,0.0,0.0,0.0,0.0
30580,-0.023,0.002,0.0,0.0
30584,-0.011,0.005,0.0,0.0
30588,0.014,0.002,0.0,0.0
30592,0.043,0.002,0.0,0.0
30596,0.045,0.002,0.0,0.0
30600,-0.019,0.001,0.0,0.0
30604,0.029,0.003,0.0,0.0
30608,-0.013,0.007,0.0,0.0
30612,0.074,-0.003,0.0,0.0
30616,0.02,-0.001,0.0,0.0
30620,0.005,0.007,0.0,0.0
30624,0.052,0.004,0.0,0.0
30628,0.024,0.007,0.0,0.0
30632,-0.027,0.004,0.0,0.0
30636,0.037,0.0,0.0,0.0
30640,-0.004,0.0,0.0,0.0
30644,0.041,-0.001,0.0,0.0
30648,-0.02,0.004,0.0,0.0
30652,0.049,0.005,0.0,0.0
30656,0.001,0.001,0.0,0.0
30660,0.058,0.002,0.0,0.0
30664,-0.009,-0.002,0.0,0.0
30668,-0.025,0.002,0.0,0.0
30672,0.011,0.007,0.0,0.0
30676,0.016,-0.002,0.0,0.0
30680,-0.008,0.007,0.0,0.0
30684,-0.007,0.002,0.0,0.0
30688,0.017,-0.003,0.0,0.0
30692,-0.036,0.004,0.0,0.0
30696,-0.021,0.007,0.0,0.0
30700,0.046,0.001,0.0,0.0
30704,-0.005,-0.001,0.0,0.0
30708,-0.003,0.006,0.0,0.0
